hostgene_chrom,hostgene_exonStarts,hostgene_exonEnds,hostgene_cdsStart,hostgene_cdsEnd,hostgene_strand,hostgene_exonCounts,hostgene_txStarts,hostgene_txEnds,hostgene_Name,hostgene_NCBI_ID,miR_chrom,miR_name,miR_exonStarts,miR_exonEnds,miR_type,miR_Name,miR_strand
chr1,195033822,195037908,195037908,195037908,+,8,195017398,195037908,A330023F24Rik,NR_015566.2,chr1,mmu-mir-29b-2,195037040,195037120,miRNA_primary_transcript,Name=mmu-mir-29b-2,+
chr1,195033822,195037908,195037908,195037908,+,8,195017398,195037908,A330023F24Rik,NR_015566.2,chr1,mmu-mir-29c,195037547,195037634,miRNA_primary_transcript,Name=mmu-mir-29c,+
chr1,20682712,20682958,20682958,20682958,+,3,20669881,20682958,Lincmd1,NR_131249.1,chr1,mmu-mir-133b,20682769,20682887,miRNA_primary_transcript,Name=mmu-mir-133b,+
chr1,86351980,86352127,86352127,86352127,-,1,86351980,86352127,Gm24148,NR_106184.1,chr1,mmu-mir-3535,86351981,86352127,miRNA_primary_transcript,Name=mmu-mir-3535,-
chr1,134946233,134946299,134946299,134946299,-,1,134946233,134946299,Gm51265,NR_162775.1,chr1,mmu-mir-5104b,134946234,134946299,miRNA_primary_transcript,Name=mmu-mir-5104b,-
chr1,159340306,159340424,159340424,159340424,+,1,159340306,159340424,Scarna3a,NR_028518.1,chr1,mmu-mir-1843b,159340358,159340423,miRNA_primary_transcript,Name=mmu-mir-1843b,+
chr1,162217622,162225550,162225550,162225550,+,1,162217622,162225550,Dnm3os,NR_002870.2,chr1,mmu-mir-199a-2,162217814,162217923,miRNA_primary_transcript,Name=mmu-mir-199a-2,+
chr1,162217622,162225550,162225550,162225550,+,1,162217622,162225550,Dnm3os,NR_002870.2,chr1,mmu-mir-214,162223368,162223477,miRNA_primary_transcript,Name=mmu-mir-214,+
chr1,164217677,164217740,164217740,164217740,+,1,164217677,164217740,Gm51287,NR_162776.1,chr1,mmu-mir-12178,164217678,164217740,miRNA_primary_transcript,Name=mmu-mir-12178,+
chr1,177579451,177579529,177579529,177579529,-,1,177579451,177579529,Gm51282,NR_162777.1,chr1,mmu-mir-12179,177579452,177579529,miRNA_primary_transcript,Name=mmu-mir-12179,-
chr2,37682773,37697334,37581609,37647118,-,19,37577478,37697334,Strbp,XM_030248982.1,chr2,mmu-mir-5128,37688201,37688284,miRNA_primary_transcript,Name=mmu-mir-5128,-
chr2,104426480,104430331,104429854,104471845,-,16,104426480,104494489,Hipk3,NM_010434.2,chr2,mmu-mir-1902,104428861,104428940,miRNA_primary_transcript,Name=mmu-mir-1902,-
chr2,104426480,104430331,104429854,104471845,-,16,104426480,104494489,Hipk3,NM_001145824.1,chr2,mmu-mir-1902,104428861,104428940,miRNA_primary_transcript,Name=mmu-mir-1902,-
chr2,180179605,180179958,180176546,180225802,-,78,180176372,180225898,Lama5,XM_006500575.3,chr2,mmu-mir-7005,180179755,180179823,miRNA_primary_transcript,Name=mmu-mir-7005,-
chr2,180179605,180179958,180225899,180225899,-,78,180176372,180225899,Lama5,XR_003950861.1,chr2,mmu-mir-7005,180179755,180179823,miRNA_primary_transcript,Name=mmu-mir-7005,-
chr2,10491335,10491425,10491425,10491425,+,1,10491335,10491425,Gm25285,NR_130344.1,chr2,mmu-mir-466c-3,10491336,10491425,miRNA_primary_transcript,Name=mmu-mir-466c-3,+
chr2,22653344,22656274,22622662,22653465,+,9,22621014,22656274,Gad2,XM_011239023.3,chr2,mmu-mir-3967,22654283,22654350,miRNA_primary_transcript,Name=mmu-mir-3967,+
chr2,29845093,29845843,29871041,29881948,+,14,29845093,29882833,Cercam,XM_006498476.4,chr2,mmu-mir-219b,29845647,29845711,miRNA_primary_transcript,Name=mmu-mir-219b,+
chr2,32318264,32318343,32318343,32318343,+,1,32318264,32318343,Gm23363,NR_128563.1,chr2,mmu-mir-3154,32318265,32318343,miRNA_primary_transcript,Name=mmu-mir-3154,+
chr2,122640700,122641076,122638097,122640769,+,5,122637886,122641076,AA467197,NM_001004174.2,chr2,mmu-mir-147,122640803,122640881,miRNA_primary_transcript,Name=mmu-mir-147,+
chr2,131039631,131040475,131041822,131041822,-,3,131039631,131041822,Gfra4,XR_866224.3,chr2,mmu-mir-6973b,131040319,131040398,miRNA_primary_transcript,Name=mmu-mir-6973b,-
chr2,180257448,180257683,180257633,180258387,+,5,180257448,180258444,Rps21,NM_001355516.1,chr2,mmu-mir-3091,180257536,180257611,miRNA_primary_transcript,Name=mmu-mir-3091,+
chr3,34638357,34638639,34677993,34677993,+,5,34560380,34677993,Sox2ot,NR_015580.2,chr3,mmu-mir-1897,34638464,34638542,miRNA_primary_transcript,Name=mmu-mir-1897,+
chr3,97689827,97690853,97690811,97888670,-,47,97689827,97888707,Pde4dip,NM_001289701.1,chr3,mmu-mir-7225,97690509,97690562,miRNA_primary_transcript,Name=mmu-mir-7225,-
chr3,97689827,97690853,97690811,97888670,-,47,97689827,97888707,Pde4dip,NM_001039376.2,chr3,mmu-mir-7225,97690509,97690562,miRNA_primary_transcript,Name=mmu-mir-7225,-
chr3,97689827,97690853,97690811,97888670,-,46,97689827,97888707,Pde4dip,NM_001289702.1,chr3,mmu-mir-7225,97690509,97690562,miRNA_primary_transcript,Name=mmu-mir-7225,-
chr3,122538718,122542283,122542104,122619553,-,16,122538718,122619714,Fnbp1l,NM_001114665.2,chr3,mmu-mir-7657,122541625,122541681,miRNA_primary_transcript,Name=mmu-mir-7657,-
chr3,122538718,122542283,122542104,122619553,-,14,122538718,122619714,Fnbp1l,NM_153118.3,chr3,mmu-mir-7657,122541625,122541681,miRNA_primary_transcript,Name=mmu-mir-7657,-
chr3,17795684,17795741,17795741,17795741,-,1,17795684,17795741,Gm51272,NR_162797.1,chr3,mmu-mir-124b,17795685,17795741,miRNA_primary_transcript,Name=mmu-mir-124b,-
chr3,55887283,55887339,55887339,55887339,-,1,55887283,55887339,Gm51273,NR_162798.1,chr3,mmu-mir-12194,55887284,55887339,miRNA_primary_transcript,Name=mmu-mir-12194,-
chr3,57317446,57317511,57317511,57317511,-,1,57317446,57317511,Gm51274,NR_162799.1,chr3,mmu-mir-12195,57317447,57317511,miRNA_primary_transcript,Name=mmu-mir-12195,-
chr3,88215612,88215670,88215670,88215670,-,1,88215612,88215670,Gm25641,NR_162800.1,chr3,mmu-mir-9b-1,88215613,88215670,miRNA_primary_transcript,Name=mmu-mir-9b-1,-
chr3,116667556,116667617,116667617,116667617,-,1,116667556,116667617,Gm51275,NR_162801.1,chr3,mmu-mir-3473h,116667557,116667617,miRNA_primary_transcript,Name=mmu-mir-3473h,-
chr4,91372891,91374499,91253239,91311644,-,8,91250692,91374499,Elavl2,XM_030253236.1,chr4,mmu-mir-6402,91373284,91373363,miRNA_primary_transcript,Name=mmu-mir-6402,-
chr4,91372891,91374501,91253239,91311644,-,8,91250692,91374501,Elavl2,XM_006502785.4,chr4,mmu-mir-6402,91373284,91373363,miRNA_primary_transcript,Name=mmu-mir-6402,-
chr4,88909853,88910710,88942042,88942042,-,4,88909853,88942042,Gm49890,NR_132734.1,chr4,mmu-mir-31,88910557,88910662,miRNA_primary_transcript,Name=mmu-mir-31,-
chr4,88909853,88910710,88942042,88942042,-,3,88909853,88942042,Gm49890,NR_132735.1,chr4,mmu-mir-31,88910557,88910662,miRNA_primary_transcript,Name=mmu-mir-31,-
chr4,101346523,101347103,101356248,101356248,-,2,101346523,101356248,E130102H24Rik,NR_040708.1,chr4,mmu-mir-101a,101346945,101347027,miRNA_primary_transcript,Name=mmu-mir-101a,-
chr4,133369710,133370907,133415504,133422327,+,11,133369710,133423702,Slc9a1,XM_017320089.2,chr4,mmu-mir-5122,133369776,133369864,miRNA_primary_transcript,Name=mmu-mir-5122,+
chr4,133369734,133370907,133370543,133422327,+,12,133369734,133423702,Slc9a1,NM_016981.3,chr4,mmu-mir-5122,133369776,133369864,miRNA_primary_transcript,Name=mmu-mir-5122,+
chr4,133369734,133370907,133415504,133422327,+,12,133369734,133423702,Slc9a1,NM_001358455.1,chr4,mmu-mir-5122,133369776,133369864,miRNA_primary_transcript,Name=mmu-mir-5122,+
chr4,139962172,139968026,139965312,139967634,-,1,139962172,139968026,Klhdc7a,NM_173427.2,chr4,mmu-mir-2139,139967526,139967620,miRNA_primary_transcript,Name=mmu-mir-2139,-
chr4,150797897,150797952,150797952,150797952,-,1,150797897,150797952,Gm51276,NR_162802.1,chr4,mmu-mir-12196,150797898,150797952,miRNA_primary_transcript,Name=mmu-mir-12196,-
chr4,156052714,156054029,156059802,156059802,-,2,156052714,156059802,Gm13648,NR_132444.1,chr4,mmu-mir-429,156053905,156053987,miRNA_primary_transcript,Name=mmu-mir-429,-
chr4,156229043,156230262,156230033,156234756,-,12,156229043,156234857,Klhl17,NM_198305.2,chr4,mmu-mir-7658,156230059,156230115,miRNA_primary_transcript,Name=mmu-mir-7658,-
chr5,122680806,122684289,122644073,122681304,+,13,122643926,122684289,P2rx7,NM_011027.4,chr5,mmu-mir-8115,122682597,122682715,miRNA_primary_transcript,Name=mmu-mir-8115,+
chr5,122680806,122684289,122650423,122681304,+,13,122650382,122684289,P2rx7,NM_001284402.2,chr5,mmu-mir-8115,122682597,122682715,miRNA_primary_transcript,Name=mmu-mir-8115,+
chr5,21673872,21673929,21673929,21673929,-,1,21673872,21673929,Gm51277,NR_162803.1,chr5,mmu-mir-12197,21673873,21673929,miRNA_primary_transcript,Name=mmu-mir-12197,-
chr5,24591068,24593353,24594398,24594398,+,5,24586743,24594398,Chpf2,NR_155297.1,chr5,mmu-mir-671,24592114,24592211,miRNA_primary_transcript,Name=mmu-mir-671,+
chr5,24591068,24592487,24588037,24592364,+,4,24586749,24592487,Chpf2,NM_133913.2,chr5,mmu-mir-671,24592114,24592211,miRNA_primary_transcript,Name=mmu-mir-671,+
chr5,32092722,32092784,32092784,32092784,+,1,32092722,32092784,Gm51292,NR_162804.1,chr5,mmu-mir-12198,32092723,32092784,miRNA_primary_transcript,Name=mmu-mir-12198,+
chr5,77084514,77084577,77084577,77084577,-,1,77084514,77084577,Gm51293,NR_162805.1,chr5,mmu-mir-12199,77084515,77084577,miRNA_primary_transcript,Name=mmu-mir-12199,-
chr5,125781682,125781738,125781738,125781738,+,1,125781682,125781738,Gm51294,NR_162806.1,chr5,mmu-mir-12200,125781683,125781738,miRNA_primary_transcript,Name=mmu-mir-12200,+
chr5,137293453,137294466,137290033,137293581,+,5,137288246,137294466,Ache,XM_006504547.4,chr5,mmu-mir-8116,137293780,137293876,miRNA_primary_transcript,Name=mmu-mir-8116,+
chr5,137293453,137294466,137290033,137293581,+,5,137288258,137294466,Ache,XM_006504548.4,chr5,mmu-mir-8116,137293780,137293876,miRNA_primary_transcript,Name=mmu-mir-8116,+
chr6,128974719,128975029,128975029,128975029,-,2,128952352,128975029,Gm15987,NR_045009.2,chr6,mmu-mir-7649,128974840,128974895,miRNA_primary_transcript,Name=mmu-mir-7649,-
chr6,38502237,38512763,38434172,38502287,+,17,38433924,38512763,Ubn2,NM_177185.4,chr6,mmu-mir-7670,38507325,38507393,miRNA_primary_transcript,Name=mmu-mir-7670,+
chr6,85334961,85337226,85337022,85374528,-,6,85334961,85374634,Rab11fip5,NM_001003955.2,chr6,mmu-mir-705,85336292,85336373,miRNA_primary_transcript,Name=mmu-mir-705,-
chr6,85334961,85337226,85337022,85374528,-,5,85334961,85374634,Rab11fip5,NM_177466.4,chr6,mmu-mir-705,85336292,85336373,miRNA_primary_transcript,Name=mmu-mir-705,-
chr6,85334965,85337226,85337022,85374528,-,6,85334965,85374684,Rab11fip5,XM_006506366.2,chr6,mmu-mir-705,85336292,85336373,miRNA_primary_transcript,Name=mmu-mir-705,-
chr6,99184961,99185019,99185019,99185019,-,1,99184961,99185019,Gm51278,NR_162807.1,chr6,mmu-mir-12201,99184962,99185019,miRNA_primary_transcript,Name=mmu-mir-12201,-
chr7,3414838,3416266,3394224,3415605,+,4,3394041,3416266,Cacng8,NM_133190.3,chr7,mmu-mir-935,3415066,3415156,miRNA_primary_transcript,Name=mmu-mir-935,+
chr7,3218642,3219748,3249771,3249771,-,11,3218642,3249771,Nlrp12,XR_881738.3,chr7,mmu-mir-292b,3219198,3219259,miRNA_primary_transcript,Name=mmu-mir-292b,-
chr7,3218783,3221015,3221015,3221015,+,1,3218783,3221015,D7Ertd143e,NR_028425.1,chr7,mmu-mir-291a,3218919,3219000,miRNA_primary_transcript,Name=mmu-mir-291a,+
chr7,3218783,3221015,3221015,3221015,+,1,3218783,3221015,D7Ertd143e,NR_028425.1,chr7,mmu-mir-292a,3219189,3219270,miRNA_primary_transcript,Name=mmu-mir-292a,+
chr7,3218783,3221015,3221015,3221015,+,1,3218783,3221015,D7Ertd143e,NR_028425.1,chr7,mmu-mir-291b,3219482,3219560,miRNA_primary_transcript,Name=mmu-mir-291b,+
chr7,3218783,3221015,3221015,3221015,+,1,3218783,3221015,D7Ertd143e,NR_028425.1,chr7,mmu-mir-293,3220343,3220422,miRNA_primary_transcript,Name=mmu-mir-293,+
chr7,3218783,3221015,3221015,3221015,+,1,3218783,3221015,D7Ertd143e,NR_028425.1,chr7,mmu-mir-294,3220641,3220724,miRNA_primary_transcript,Name=mmu-mir-294,+
chr7,3218783,3221015,3221015,3221015,+,1,3218783,3221015,D7Ertd143e,NR_028425.1,chr7,mmu-mir-295,3220773,3220841,miRNA_primary_transcript,Name=mmu-mir-295,+
chr7,3415065,3415156,3415156,3415156,+,1,3415065,3415156,Gm23450,NR_128566.1,chr7,mmu-mir-935,3415066,3415156,miRNA_primary_transcript,Name=mmu-mir-935,+
chr7,4917964,4918030,4918030,4918030,+,1,4917964,4918030,Gm51297,NR_162808.1,chr7,mmu-mir-12202,4917965,4918030,miRNA_primary_transcript,Name=mmu-mir-12202,+
chr7,27203910,27208680,27197013,27204161,+,6,27196253,27208680,BC024978,XM_011250622.3,chr7,mmu-mir-1191a,27205536,27205655,miRNA_primary_transcript,Name=mmu-mir-1191a,+
chr7,27204378,27208680,27197013,27204385,+,7,27196253,27208680,BC024978,XM_017322333.2,chr7,mmu-mir-1191a,27205536,27205655,miRNA_primary_transcript,Name=mmu-mir-1191a,+
chr7,27203755,27208680,27197013,27204093,+,6,27196253,27208680,BC024978,XM_011250621.3,chr7,mmu-mir-1191a,27205536,27205655,miRNA_primary_transcript,Name=mmu-mir-1191a,+
chr7,27203755,27210184,27201041,27204093,+,5,27200615,27210184,BC024978,XM_030242736.1,chr7,mmu-mir-1191a,27205536,27205655,miRNA_primary_transcript,Name=mmu-mir-1191a,+
chr7,27203755,27210184,27201041,27204093,+,5,27200655,27210184,BC024978,XM_017322334.2,chr7,mmu-mir-1191a,27205536,27205655,miRNA_primary_transcript,Name=mmu-mir-1191a,+
chr7,30552539,30553062,30553041,30554636,+,3,30552539,30555443,Hspb6,NM_001364179.1,chr7,mmu-mir-9769,30552828,30552904,miRNA_primary_transcript,Name=mmu-mir-9769,+
chr7,30552827,30552904,30552904,30552904,+,1,30552827,30552904,Gm38670,NR_128568.1,chr7,mmu-mir-9769,30552828,30552904,miRNA_primary_transcript,Name=mmu-mir-9769,+
chr7,44849634,44850006,44849935,44854735,+,5,44849634,44855421,Akt1s1,NM_001290694.1,chr7,mmu-mir-707,44849699,44849771,miRNA_primary_transcript,Name=mmu-mir-707,+
chr7,79505278,79505336,79505336,79505336,-,1,79505278,79505336,Gm51285,NR_162809.1,chr7,mmu-mir-9b-3,79505279,79505336,miRNA_primary_transcript,Name=mmu-mir-9b-3,-
chr7,81613305,81613368,81613368,81613368,-,1,81613305,81613368,Gm51279,NR_162810.1,chr7,mmu-mir-12203,81613306,81613368,miRNA_primary_transcript,Name=mmu-mir-12203,-
chr7,142576828,142578146,142578146,142578146,-,5,142575529,142578146,H19,NR_130973.1,chr7,mmu-mir-675,142577064,142577147,miRNA_primary_transcript,Name=mmu-mir-675,-
chr7,142576828,142578146,142578146,142578146,-,5,142575529,142578146,H19,NR_130974.1,chr7,mmu-mir-675,142577064,142577147,miRNA_primary_transcript,Name=mmu-mir-675,-
chr8,25154551,25159820,25159751,25201285,-,13,25154551,25201542,Tacc1,NM_177089.5,chr8,mmu-mir-8108,25159125,25159233,miRNA_primary_transcript,Name=mmu-mir-8108,-
chr8,25154551,25159820,25159751,25201285,-,11,25154551,25201542,Tacc1,NM_199323.3,chr8,mmu-mir-8108,25159125,25159233,miRNA_primary_transcript,Name=mmu-mir-8108,-
chr8,25154551,25159820,25159751,25201285,-,14,25154551,25202690,Tacc1,XM_006509143.4,chr8,mmu-mir-8108,25159125,25159233,miRNA_primary_transcript,Name=mmu-mir-8108,-
chr8,25154551,25159820,25159751,25205706,-,11,25154551,25205822,Tacc1,XM_006509147.4,chr8,mmu-mir-8108,25159125,25159233,miRNA_primary_transcript,Name=mmu-mir-8108,-
chr8,25154551,25159820,25159751,25240867,-,11,25154551,25240974,Tacc1,XM_030243615.1,chr8,mmu-mir-8108,25159125,25159233,miRNA_primary_transcript,Name=mmu-mir-8108,-
chr8,25154551,25159820,25159751,25240867,-,13,25154551,25240989,Tacc1,XM_030243613.1,chr8,mmu-mir-8108,25159125,25159233,miRNA_primary_transcript,Name=mmu-mir-8108,-
chr8,25154551,25159820,25159751,25240867,-,14,25154551,25241032,Tacc1,XM_030243614.1,chr8,mmu-mir-8108,25159125,25159233,miRNA_primary_transcript,Name=mmu-mir-8108,-
chr8,25154551,25159820,25159751,25241534,-,11,25154551,25241585,Tacc1,XM_006509146.4,chr8,mmu-mir-8108,25159125,25159233,miRNA_primary_transcript,Name=mmu-mir-8108,-
chr8,25154551,25159820,25159751,25182667,-,14,25154551,25256424,Tacc1,XM_017312859.2,chr8,mmu-mir-8108,25159125,25159233,miRNA_primary_transcript,Name=mmu-mir-8108,-
chr8,12947877,12948186,12948113,13018867,+,29,12947877,13020502,Mcf2l,NM_001371045.1,chr8,mmu-mir-9768,12947941,12948070,miRNA_primary_transcript,Name=mmu-mir-9768,+
chr8,12947877,12948186,12948113,13018867,+,31,12947877,13020502,Mcf2l,NM_001371048.1,chr8,mmu-mir-9768,12947941,12948070,miRNA_primary_transcript,Name=mmu-mir-9768,+
chr8,128359098,128359632,128359559,128502814,+,18,128358590,128505469,Nrp1,XM_006530766.4,chr8,mmu-mir-1903,128359241,128359320,miRNA_primary_transcript,Name=mmu-mir-1903,+
chr8,128359098,128359632,128359559,128502814,+,18,128358786,128505469,Nrp1,XM_030243349.1,chr8,mmu-mir-1903,128359241,128359320,miRNA_primary_transcript,Name=mmu-mir-1903,+
chr8,128359004,128359632,128359559,128477135,+,11,128359004,128480607,Nrp1,XM_006530768.4,chr8,mmu-mir-1903,128359241,128359320,miRNA_primary_transcript,Name=mmu-mir-1903,+
chr8,128359072,128359632,128359559,128502814,+,17,128359072,128505476,Nrp1,NM_001358959.1,chr8,mmu-mir-1903,128359241,128359320,miRNA_primary_transcript,Name=mmu-mir-1903,+
chr8,128359072,128359632,128359559,128502814,+,16,128359072,128505476,Nrp1,NM_001358960.1,chr8,mmu-mir-1903,128359241,128359320,miRNA_primary_transcript,Name=mmu-mir-1903,+
chr8,128359072,128359632,128359559,128502814,+,17,128359072,128505476,Nrp1,NM_008737.2,chr8,mmu-mir-1903,128359241,128359320,miRNA_primary_transcript,Name=mmu-mir-1903,+
chr8,8689976,8690537,8667251,8690317,-,4,8666575,8690537,Arglu1,NM_176849.3,chr8,mmu-mir-7654,8690093,8690162,miRNA_primary_transcript,Name=mmu-mir-7654,-
chr8,12947940,12948070,12948070,12948070,+,1,12947940,12948070,Gm38671,NR_128567.1,chr8,mmu-mir-9768,12947941,12948070,miRNA_primary_transcript,Name=mmu-mir-9768,+
chr8,84011140,84011720,84010477,84011684,-,3,84010227,84011720,Misp3,NM_001291292.1,chr8,mmu-mir-1199,84011515,84011633,miRNA_primary_transcript,Name=mmu-mir-1199,-
chr8,94314584,94328100,94286497,94314695,+,20,94268474,94328100,Nup93,XM_006531376.3,chr8,mmu-mir-138-2,94324311,94324381,miRNA_primary_transcript,Name=mmu-mir-138-2,+
chr9,14180026,14180072,14180072,14180072,-,1,14180026,14180072,Gm51286,NR_162811.1,chr9,mmu-mir-12204,14180027,14180072,miRNA_primary_transcript,Name=mmu-mir-12204,-
chr9,15312610,15312669,15312669,15312669,+,1,15312610,15312669,Gm25500,NR_106108.1,chr9,mmu-mir-7650,15312611,15312669,miRNA_primary_transcript,Name=mmu-mir-7650,+
chr9,22113807,22115310,22113543,22113923,-,2,22112985,22115310,Elof1,NM_170777.4,chr9,mmu-mir-7084,22113944,22114013,miRNA_primary_transcript,Name=mmu-mir-7084,-
chr9,62122484,62122609,62060010,62070600,-,5,62057243,62122609,Glce,NM_033320.5,chr9,mmu-mir-5133,62122518,62122594,miRNA_primary_transcript,Name=mmu-mir-5133,-
chr9,62122484,62122609,62060010,62070600,-,4,62057243,62122609,Glce,NM_001368304.1,chr9,mmu-mir-5133,62122518,62122594,miRNA_primary_transcript,Name=mmu-mir-5133,-
chr9,62122484,62122609,62122609,62122609,-,3,62076508,62122609,Glce,NR_160774.1,chr9,mmu-mir-5133,62122518,62122594,miRNA_primary_transcript,Name=mmu-mir-5133,-
chr9,74966742,74966802,74966802,74966802,+,1,74966742,74966802,Gm51280,NR_162812.1,chr9,mmu-mir-1970c,74966743,74966802,miRNA_primary_transcript,Name=mmu-mir-1970c,+
chr9,88325742,88325802,88325802,88325802,-,1,88325742,88325802,Gm51281,NR_162813.1,chr9,mmu-mir-12205,88325743,88325802,miRNA_primary_transcript,Name=mmu-mir-12205,-
chr9,108459093,108459160,108459160,108459160,+,1,108459093,108459160,Gm51295,NR_162814.1,chr9,mmu-mir-12206,108459094,108459160,miRNA_primary_transcript,Name=mmu-mir-12206,+
chr9,108568483,108570075,108569910,108572602,+,12,108567483,108572773,Dalrd3,XM_006511792.2,chr9,mmu-mir-425,108568777,108568861,miRNA_primary_transcript,Name=mmu-mir-425,+
chr9,108567483,108570075,108569910,108572602,+,10,108567483,108572773,Dalrd3,XM_006511793.2,chr9,mmu-mir-191,108568319,108568392,miRNA_primary_transcript,Name=mmu-mir-191,+
chr9,108567483,108570075,108569910,108572602,+,10,108567483,108572773,Dalrd3,XM_006511793.2,chr9,mmu-mir-425,108568777,108568861,miRNA_primary_transcript,Name=mmu-mir-425,+
chr9,108567483,108570075,108569910,108572602,+,11,108567483,108572773,Dalrd3,XM_011242901.2,chr9,mmu-mir-191,108568319,108568392,miRNA_primary_transcript,Name=mmu-mir-191,+
chr9,108567483,108570075,108569910,108572602,+,11,108567483,108572773,Dalrd3,XM_011242901.2,chr9,mmu-mir-425,108568777,108568861,miRNA_primary_transcript,Name=mmu-mir-425,+
chr9,108567483,108570075,108572773,108572773,+,12,108567483,108572773,Dalrd3,XR_379772.2,chr9,mmu-mir-191,108568319,108568392,miRNA_primary_transcript,Name=mmu-mir-191,+
chr9,108567483,108570075,108572773,108572773,+,12,108567483,108572773,Dalrd3,XR_379772.2,chr9,mmu-mir-425,108568777,108568861,miRNA_primary_transcript,Name=mmu-mir-425,+
chr9,108567483,108570075,108572773,108572773,+,11,108567483,108572773,Dalrd3,XR_001778994.2,chr9,mmu-mir-191,108568319,108568392,miRNA_primary_transcript,Name=mmu-mir-191,+
chr9,108567483,108570075,108572773,108572773,+,11,108567483,108572773,Dalrd3,XR_001778994.2,chr9,mmu-mir-425,108568777,108568861,miRNA_primary_transcript,Name=mmu-mir-425,+
chr9,108567483,108570075,108572773,108572773,+,11,108567483,108572773,Dalrd3,XR_003947985.1,chr9,mmu-mir-191,108568319,108568392,miRNA_primary_transcript,Name=mmu-mir-191,+
chr9,108567483,108570075,108572773,108572773,+,11,108567483,108572773,Dalrd3,XR_003947985.1,chr9,mmu-mir-425,108568777,108568861,miRNA_primary_transcript,Name=mmu-mir-425,+
chr9,108567483,108570075,108572773,108572773,+,10,108567483,108572773,Dalrd3,XR_871095.2,chr9,mmu-mir-191,108568319,108568392,miRNA_primary_transcript,Name=mmu-mir-191,+
chr9,108567483,108570075,108572773,108572773,+,10,108567483,108572773,Dalrd3,XR_871095.2,chr9,mmu-mir-425,108568777,108568861,miRNA_primary_transcript,Name=mmu-mir-425,+
chr9,108567495,108569502,108569910,108572670,+,13,108567495,108572773,Dalrd3,XM_017313540.1,chr9,mmu-mir-191,108568319,108568392,miRNA_primary_transcript,Name=mmu-mir-191,+
chr9,108567495,108569502,108569910,108572670,+,13,108567495,108572773,Dalrd3,XM_017313540.1,chr9,mmu-mir-425,108568777,108568861,miRNA_primary_transcript,Name=mmu-mir-425,+
chrX,94272355,94277724,94252421,94273465,+,4,94232277,94277724,Klhl15,XM_006527989.4,chrX,mmu-mir-7673,94274574,94274637,miRNA_primary_transcript,Name=mmu-mir-7673,+
chrX,94272355,94277724,94252421,94273465,+,5,94232277,94277724,Klhl15,XM_006527986.4,chrX,mmu-mir-7673,94274574,94274637,miRNA_primary_transcript,Name=mmu-mir-7673,+
chrX,94272355,94277724,94252421,94273465,+,6,94232277,94277724,Klhl15,XM_006527988.4,chrX,mmu-mir-7673,94274574,94274637,miRNA_primary_transcript,Name=mmu-mir-7673,+
chrX,94272355,94277724,94252421,94273465,+,4,94234691,94277724,Klhl15,XM_006527990.4,chrX,mmu-mir-7673,94274574,94274637,miRNA_primary_transcript,Name=mmu-mir-7673,+
chrX,94272355,94277724,94252421,94273465,+,4,94234691,94277724,Klhl15,XM_030251322.1,chrX,mmu-mir-7673,94274574,94274637,miRNA_primary_transcript,Name=mmu-mir-7673,+
chrX,94272355,94277724,94252421,94273465,+,5,94234692,94277724,Klhl15,XM_006527987.3,chrX,mmu-mir-7673,94274574,94274637,miRNA_primary_transcript,Name=mmu-mir-7673,+
chrX,94272355,94277724,94252421,94273465,+,4,94235426,94277724,Klhl15,XM_011247581.1,chrX,mmu-mir-7673,94274574,94274637,miRNA_primary_transcript,Name=mmu-mir-7673,+
chrX,151859454,151859688,151835247,151934383,+,85,151800784,151934897,Huwe1,XM_006528943.3,chrX,mmu-mir-3113,151859562,151859637,miRNA_primary_transcript,Name=mmu-mir-3113,+
chrX,151859454,151859688,151840854,151934383,+,86,151800784,151934897,Huwe1,XM_030251452.1,chrX,mmu-mir-3113,151859562,151859637,miRNA_primary_transcript,Name=mmu-mir-3113,+
chrX,151859454,151859688,151835247,151934383,+,86,151800784,151934897,Huwe1,XM_030251437.1,chrX,mmu-mir-3113,151859562,151859637,miRNA_primary_transcript,Name=mmu-mir-3113,+
chrX,151859454,151859688,151840854,151934383,+,87,151800784,151934897,Huwe1,XM_030251451.1,chrX,mmu-mir-3113,151859562,151859637,miRNA_primary_transcript,Name=mmu-mir-3113,+
chrX,151859454,151859688,151835247,151934383,+,86,151800784,151934897,Huwe1,XM_011247852.2,chrX,mmu-mir-3113,151859562,151859637,miRNA_primary_transcript,Name=mmu-mir-3113,+
chrX,151859454,151859688,151840854,151934383,+,87,151800784,151934897,Huwe1,XM_030251450.1,chrX,mmu-mir-3113,151859562,151859637,miRNA_primary_transcript,Name=mmu-mir-3113,+
chrX,151859454,151859688,151835247,151934383,+,86,151800784,151934897,Huwe1,XM_006528933.3,chrX,mmu-mir-3113,151859562,151859637,miRNA_primary_transcript,Name=mmu-mir-3113,+
chrX,151859454,151859688,151840854,151934383,+,87,151800784,151934897,Huwe1,XM_006528948.3,chrX,mmu-mir-3113,151859562,151859637,miRNA_primary_transcript,Name=mmu-mir-3113,+
chrX,151859454,151859688,151835247,151934383,+,87,151800784,151934897,Huwe1,XM_006528940.3,chrX,mmu-mir-3113,151859562,151859637,miRNA_primary_transcript,Name=mmu-mir-3113,+
chrX,151859454,151859688,151835247,151934383,+,87,151800784,151934897,Huwe1,XM_006528937.3,chrX,mmu-mir-3113,151859562,151859637,miRNA_primary_transcript,Name=mmu-mir-3113,+
chrX,151859454,151859688,151835247,151934383,+,88,151800784,151934897,Huwe1,XM_030251436.1,chrX,mmu-mir-3113,151859562,151859637,miRNA_primary_transcript,Name=mmu-mir-3113,+
chrX,151859454,151859688,151835247,151934383,+,88,151800784,151934897,Huwe1,XM_006528936.3,chrX,mmu-mir-3113,151859562,151859637,miRNA_primary_transcript,Name=mmu-mir-3113,+
chrX,151859454,151859688,151835247,151934383,+,88,151800784,151934897,Huwe1,XM_006528939.3,chrX,mmu-mir-3113,151859562,151859637,miRNA_primary_transcript,Name=mmu-mir-3113,+
chrX,151859454,151859688,151840854,151934383,+,89,151800784,151934897,Huwe1,XM_030251449.1,chrX,mmu-mir-3113,151859562,151859637,miRNA_primary_transcript,Name=mmu-mir-3113,+
chrX,151859454,151859688,151835247,151934383,+,88,151800784,151934897,Huwe1,XM_006528938.3,chrX,mmu-mir-3113,151859562,151859637,miRNA_primary_transcript,Name=mmu-mir-3113,+
chrX,151859454,151859688,151835247,151934383,+,89,151800784,151934897,Huwe1,XM_006528934.3,chrX,mmu-mir-3113,151859562,151859637,miRNA_primary_transcript,Name=mmu-mir-3113,+
chrX,151859454,151859688,151835247,151934383,+,88,151800784,151934897,Huwe1,XM_030251435.1,chrX,mmu-mir-3113,151859562,151859637,miRNA_primary_transcript,Name=mmu-mir-3113,+
chrX,151859454,151859688,151835247,151934383,+,88,151800784,151934897,Huwe1,XM_030251446.1,chrX,mmu-mir-3113,151859562,151859637,miRNA_primary_transcript,Name=mmu-mir-3113,+
chrX,151859454,151859688,151835247,151934383,+,88,151800784,151934897,Huwe1,XM_030251445.1,chrX,mmu-mir-3113,151859562,151859637,miRNA_primary_transcript,Name=mmu-mir-3113,+
chrX,151859454,151859688,151835247,151934383,+,88,151800784,151934897,Huwe1,XM_030251444.1,chrX,mmu-mir-3113,151859562,151859637,miRNA_primary_transcript,Name=mmu-mir-3113,+
chrX,151859454,151859688,151835247,151934383,+,88,151800784,151934897,Huwe1,XM_030251443.1,chrX,mmu-mir-3113,151859562,151859637,miRNA_primary_transcript,Name=mmu-mir-3113,+
chrX,151859454,151859688,151835247,151934383,+,85,151800784,151934897,Huwe1,XM_030251458.1,chrX,mmu-mir-3113,151859562,151859637,miRNA_primary_transcript,Name=mmu-mir-3113,+
chrX,151859454,151859688,151835247,151934383,+,88,151800784,151934897,Huwe1,XM_030251447.1,chrX,mmu-mir-3113,151859562,151859637,miRNA_primary_transcript,Name=mmu-mir-3113,+
chrX,151859454,151859688,151835247,151934383,+,88,151800784,151934897,Huwe1,XM_030251434.1,chrX,mmu-mir-3113,151859562,151859637,miRNA_primary_transcript,Name=mmu-mir-3113,+
chrX,151859454,151859688,151840854,151934383,+,89,151800784,151934897,Huwe1,XM_030251448.1,chrX,mmu-mir-3113,151859562,151859637,miRNA_primary_transcript,Name=mmu-mir-3113,+
chrX,151859454,151859688,151840854,151934383,+,85,151800834,151934897,Huwe1,XM_030251454.1,chrX,mmu-mir-3113,151859562,151859637,miRNA_primary_transcript,Name=mmu-mir-3113,+
chrX,151859454,151859688,151835247,151934383,+,88,151800860,151934897,Huwe1,XM_030251439.1,chrX,mmu-mir-3113,151859562,151859637,miRNA_primary_transcript,Name=mmu-mir-3113,+
chrX,151859454,151859688,151835247,151934383,+,84,151800874,151934897,Huwe1,XM_030251442.1,chrX,mmu-mir-3113,151859562,151859637,miRNA_primary_transcript,Name=mmu-mir-3113,+
chrX,151859454,151859688,151840854,151934383,+,86,151801021,151934897,Huwe1,XM_030251453.1,chrX,mmu-mir-3113,151859562,151859637,miRNA_primary_transcript,Name=mmu-mir-3113,+
chrX,151859454,151859688,151835247,151934383,+,86,151801021,151934897,Huwe1,XM_030251440.1,chrX,mmu-mir-3113,151859562,151859637,miRNA_primary_transcript,Name=mmu-mir-3113,+
chrX,151859454,151859688,151835247,151934383,+,88,151801021,151934897,Huwe1,XM_030251438.1,chrX,mmu-mir-3113,151859562,151859637,miRNA_primary_transcript,Name=mmu-mir-3113,+
chrX,151859454,151859688,151835247,151934383,+,85,151801026,151934897,Huwe1,XM_030251441.1,chrX,mmu-mir-3113,151859562,151859637,miRNA_primary_transcript,Name=mmu-mir-3113,+
chrX,53053111,53055490,53057190,53057190,-,4,53053111,53057190,C430049B03Rik,NR_038184.1,chrX,mmu-mir-351,53053255,53053353,miRNA_primary_transcript,Name=mmu-mir-351,-
chrX,53053111,53055490,53057190,53057190,-,4,53053111,53057190,C430049B03Rik,NR_038184.1,chrX,mmu-mir-503,53053984,53054054,miRNA_primary_transcript,Name=mmu-mir-503,-
chrX,53053111,53055490,53057190,53057190,-,4,53053111,53057190,C430049B03Rik,NR_038184.1,chrX,mmu-mir-322,53054255,53054349,miRNA_primary_transcript,Name=mmu-mir-322,-
chrX,53053111,53055490,53057190,53057190,-,4,53053111,53057190,C430049B03Rik,NR_038185.1,chrX,mmu-mir-351,53053255,53053353,miRNA_primary_transcript,Name=mmu-mir-351,-
chrX,53053111,53055490,53057190,53057190,-,4,53053111,53057190,C430049B03Rik,NR_038185.1,chrX,mmu-mir-503,53053984,53054054,miRNA_primary_transcript,Name=mmu-mir-503,-
chrX,53053111,53055490,53057190,53057190,-,4,53053111,53057190,C430049B03Rik,NR_038185.1,chrX,mmu-mir-322,53054255,53054349,miRNA_primary_transcript,Name=mmu-mir-322,-
chrX,56585511,56589303,56589143,56597863,-,4,56585511,56597944,Mmgt1,NM_146234.4,chrX,mmu-mir-5116,56587852,56587914,miRNA_primary_transcript,Name=mmu-mir-5116,-
chrX,96241037,96243642,96243642,96243642,+,3,96239925,96243642,F630028O10Rik,NR_030718.1,chrX,mmu-mir-223,96242817,96242926,miRNA_primary_transcript,Name=mmu-mir-223,+
chrX,134074512,134075863,134059364,134074829,+,11,134059175,134075863,Cstf2,NM_001290399.1,chrX,mmu-mir-3112,134075316,134075397,miRNA_primary_transcript,Name=mmu-mir-3112,+
chrX,135744918,135747328,135745176,135746997,+,4,135742691,135747328,Armcx5,NM_001009575.5,chrX,mmu-mir-7646,135746716,135746769,miRNA_primary_transcript,Name=mmu-mir-7646,+
chrX,146999404,146999509,146999509,146999509,+,1,146999404,146999509,Gm22650,NR_128564.1,chrX,mmu-mir-3552,146999405,146999509,miRNA_primary_transcript,Name=mmu-mir-3552,+
chrX,147106964,147107047,147107047,147107047,+,1,147106964,147107047,Gm24627,NR_162774.1,chrX,mmu-mir-1911,147106965,147107047,miRNA_primary_transcript,Name=mmu-mir-1911,+
chr10,122677427,122679430,122679185,122863313,+,6,122677427,122863316,Ppm1h,XM_006513740.4,chr10,mmu-mir-8104,122679315,122679415,miRNA_primary_transcript,Name=mmu-mir-8104,+
chr10,122678761,122679430,122679185,122920861,+,9,122678761,122921974,Ppm1h,NM_176919.4,chr10,mmu-mir-8104,122679315,122679415,miRNA_primary_transcript,Name=mmu-mir-8104,+
chr10,122678761,122679430,122679185,122941372,+,10,122678761,122945795,Ppm1h,NM_001110218.1,chr10,mmu-mir-8104,122679315,122679415,miRNA_primary_transcript,Name=mmu-mir-8104,+
chr10,93961521,93973609,93973520,94035705,-,12,93961521,94035742,Vezt,NM_001304720.1,chr10,mmu-mir-331,93963768,93963863,miRNA_primary_transcript,Name=mmu-mir-331,-
chr10,93961521,93970704,93970192,94035705,-,12,93961521,94035799,Vezt,NM_001304575.1,chr10,mmu-mir-331,93963768,93963863,miRNA_primary_transcript,Name=mmu-mir-331,-
chr10,93961521,93971707,93971684,94035705,-,12,93961521,94035799,Vezt,NM_001304572.1,chr10,mmu-mir-331,93963768,93963863,miRNA_primary_transcript,Name=mmu-mir-331,-
chr10,93961521,93970704,93970192,94035705,-,12,93961521,94035799,Vezt,NM_172538.5,chr10,mmu-mir-331,93963768,93963863,miRNA_primary_transcript,Name=mmu-mir-331,-
chr10,62194072,62194485,62188012,62194135,-,6,62187354,62194485,Tspan15,XM_011243561.2,chr10,mmu-mir-7662,62194167,62194227,miRNA_primary_transcript,Name=mmu-mir-7662,-
chr10,76008501,76009591,75954571,76008827,+,13,75954495,76009591,Gm5134,XM_017314013.2,chr10,mmu-mir-6409,76008926,76009017,miRNA_primary_transcript,Name=mmu-mir-6409,+
chr10,76008501,76009591,75954571,76008827,+,14,75954495,76009591,Gm5134,XM_017314011.2,chr10,mmu-mir-6409,76008926,76009017,miRNA_primary_transcript,Name=mmu-mir-6409,+
chr10,76008501,76009591,75954571,76008827,+,14,75954495,76009591,Gm5134,XM_017314012.2,chr10,mmu-mir-6409,76008926,76009017,miRNA_primary_transcript,Name=mmu-mir-6409,+
chr10,76008501,76009591,75954571,76008827,+,15,75954495,76009591,Gm5134,XM_006513791.4,chr10,mmu-mir-6409,76008926,76009017,miRNA_primary_transcript,Name=mmu-mir-6409,+
chr10,76008501,76009591,75954571,76008615,+,14,75954495,76009591,Gm5134,XM_017314014.2,chr10,mmu-mir-6409,76008926,76009017,miRNA_primary_transcript,Name=mmu-mir-6409,+
chr10,76008501,76009591,75954571,76008827,+,15,75954495,76009591,Gm5134,XM_017314010.2,chr10,mmu-mir-6409,76008926,76009017,miRNA_primary_transcript,Name=mmu-mir-6409,+
chr10,76008501,76009591,75954571,76008827,+,14,75954513,76009591,Gm5134,NM_198635.3,chr10,mmu-mir-6409,76008926,76009017,miRNA_primary_transcript,Name=mmu-mir-6409,+
chr10,76207225,76207793,76207760,76236765,-,11,76207225,76237865,Prmt2,NM_001077638.2,chr10,mmu-mir-678,76207326,76207409,miRNA_primary_transcript,Name=mmu-mir-678,-
chr10,76207225,76207793,76207760,76236765,-,11,76207225,76237865,Prmt2,NM_001302965.1,chr10,mmu-mir-678,76207326,76207409,miRNA_primary_transcript,Name=mmu-mir-678,-
chr10,76207225,76207793,76207760,76236765,-,11,76207225,76237865,Prmt2,NM_133182.3,chr10,mmu-mir-678,76207326,76207409,miRNA_primary_transcript,Name=mmu-mir-678,-
chr10,76207225,76207793,76237865,76237865,-,12,76207225,76237865,Prmt2,NR_126571.1,chr10,mmu-mir-678,76207326,76207409,miRNA_primary_transcript,Name=mmu-mir-678,-
chr10,111185629,111185698,111185698,111185698,+,1,111185629,111185698,Gm51266,NR_162778.1,chr10,mmu-mir-12180,111185630,111185698,miRNA_primary_transcript,Name=mmu-mir-12180,+
chr10,126996360,126999975,126979237,126996486,+,8,126978716,126999975,Ctdsp2,NM_001113470.1,chr10,mmu-mir-546,126998440,126998560,miRNA_primary_transcript,Name=mmu-mir-546,+
chr10,126996360,126999975,126995899,126996486,+,3,126995612,126999975,Ctdsp2,NM_146012.2,chr10,mmu-mir-546,126998440,126998560,miRNA_primary_transcript,Name=mmu-mir-546,+
chr11,86583857,86585451,86585307,86665852,-,12,86583857,86671181,Vmp1,NM_001356531.3,chr11,mmu-mir-21a,86584067,86584158,miRNA_primary_transcript,Name=mmu-mir-21a,-
chr11,86583857,86585451,86585307,86665852,-,12,86583857,86683523,Vmp1,NM_001379040.1,chr11,mmu-mir-21a,86584067,86584158,miRNA_primary_transcript,Name=mmu-mir-21a,-
chr11,86583857,86585451,86585307,86665852,-,12,86583857,86683836,Vmp1,NM_029478.6,chr11,mmu-mir-21a,86584067,86584158,miRNA_primary_transcript,Name=mmu-mir-21a,-
chr11,119390366,119390797,119393099,119486158,+,69,119390366,119487418,Rnf213,XM_030246242.1,chr11,mmu-mir-1932,119390472,119390561,miRNA_primary_transcript,Name=mmu-mir-1932,+
chr11,75463692,75463857,75466690,75466690,+,3,75461538,75466690,Mir22hg,NR_030711.1,chr11,mmu-mir-22,75463716,75463810,miRNA_primary_transcript,Name=mmu-mir-22,+
chr11,78176955,78179056,78178862,78180330,+,5,78176715,78180776,Tlcd1,XM_006534054.2,chr11,mmu-mir-7653,78178827,78178887,miRNA_primary_transcript,Name=mmu-mir-7653,+
chr11,78178422,78179056,78179388,78180330,+,5,78178422,78181019,Tlcd1,XM_011249203.3,chr11,mmu-mir-7653,78178827,78178887,miRNA_primary_transcript,Name=mmu-mir-7653,+
chr11,78178657,78179056,78178862,78180330,+,4,78178657,78180820,Tlcd1,NM_026708.2,chr11,mmu-mir-7653,78178827,78178887,miRNA_primary_transcript,Name=mmu-mir-7653,+
chr11,78178657,78179221,78179078,78180330,+,4,78178657,78180820,Tlcd1,NM_001291236.1,chr11,mmu-mir-7653,78178827,78178887,miRNA_primary_transcript,Name=mmu-mir-7653,+
chr11,86852603,86852658,86852658,86852658,-,1,86852603,86852658,Gm51288,NR_162780.1,chr11,mmu-mir-12182,86852604,86852658,miRNA_primary_transcript,Name=mmu-mir-12182,-
chr11,95957162,95963592,95963499,96005633,-,15,95957162,96005944,Igf2bp1,NM_009951.4,chr11,mmu-mir-3063,95963292,95963383,miRNA_primary_transcript,Name=mmu-mir-3063,-
chr11,98249682,98263570,98203367,98250389,+,17,98202432,98279477,Cdk12,XM_006534108.4,chr11,mmu-mir-5119,98262606,98262662,miRNA_primary_transcript,Name=mmu-mir-5119,+
chr11,98249709,98263570,98203367,98250389,+,17,98202432,98279477,Cdk12,XM_030246275.1,chr11,mmu-mir-5119,98262606,98262662,miRNA_primary_transcript,Name=mmu-mir-5119,+
chr11,98249682,98263570,98203367,98250389,+,17,98202432,98279477,Cdk12,XM_030246274.1,chr11,mmu-mir-5119,98262606,98262662,miRNA_primary_transcript,Name=mmu-mir-5119,+
chr11,98249682,98263570,98203367,98250389,+,17,98202432,98279477,Cdk12,XM_030246273.1,chr11,mmu-mir-5119,98262606,98262662,miRNA_primary_transcript,Name=mmu-mir-5119,+
chr11,102230004,102230161,102195828,102224755,-,26,102195746,102230161,Hdac5,XM_030245587.1,chr11,mmu-mir-8101,102230040,102230150,miRNA_primary_transcript,Name=mmu-mir-8101,-
chr11,102230004,102230172,102195947,102218566,-,29,102195746,102230172,Hdac5,NM_001284248.1,chr11,mmu-mir-8101,102230040,102230150,miRNA_primary_transcript,Name=mmu-mir-8101,-
chr11,102230004,102230172,102195828,102207137,-,28,102195746,102230172,Hdac5,NM_001361596.1,chr11,mmu-mir-8101,102230040,102230150,miRNA_primary_transcript,Name=mmu-mir-8101,-
chr11,102230004,102230172,102195828,102224755,-,27,102195746,102230172,Hdac5,NM_001077696.1,chr11,mmu-mir-8101,102230040,102230150,miRNA_primary_transcript,Name=mmu-mir-8101,-
chr11,102230004,102230172,102195828,102207137,-,28,102195746,102230172,Hdac5,NM_001284249.1,chr11,mmu-mir-8101,102230040,102230150,miRNA_primary_transcript,Name=mmu-mir-8101,-
chr11,102230004,102230172,102195947,102224755,-,27,102195746,102230172,Hdac5,NM_001284250.1,chr11,mmu-mir-8101,102230040,102230150,miRNA_primary_transcript,Name=mmu-mir-8101,-
chr11,102230004,102230172,102195828,102224755,-,27,102195746,102230172,Hdac5,NM_010412.3,chr11,mmu-mir-8101,102230040,102230150,miRNA_primary_transcript,Name=mmu-mir-8101,-
chr12,109564899,109595488,109590168,109595403,-,3,109564899,109604418,Rtl1,XM_030246797.1,chr12,mmu-mir-3544,109585813,109585873,miRNA_primary_transcript,Name=mmu-mir-3544,-
chr12,109564899,109595488,109590168,109595403,-,3,109564899,109604418,Rtl1,XM_030246797.1,chr12,mmu-mir-3071,109595318,109595397,miRNA_primary_transcript,Name=mmu-mir-3071,-
chr12,54645373,54646535,54646431,54656483,-,2,54645373,54656572,Sptssa,NM_134054.2,chr12,mmu-mir-1892,54645933,54646012,miRNA_primary_transcript,Name=mmu-mir-1892,-
chr12,73045884,73045948,73045948,73045948,+,1,73045884,73045948,Gm51264,NR_162772.1,chr12,mmu-mir-9718,73045885,73045948,miRNA_primary_transcript,Name=mmu-mir-9718,+
chr12,80391613,80391737,80391737,80391737,-,1,80391613,80391737,Scarna3b,NR_028544.1,chr12,mmu-mir-1843a,80391613,80391677,miRNA_primary_transcript,Name=mmu-mir-1843a,-
chr12,104269205,104269253,104269253,104269253,-,1,104269205,104269253,Gm51267,NR_162781.1,chr12,mmu-mir-12183,104269206,104269253,miRNA_primary_transcript,Name=mmu-mir-12183,-
chr12,105031074,105031349,105031349,105031349,-,1,105031074,105031349,Scarna13,NR_028576.1,chr12,mmu-mir-3069,105031077,105031141,miRNA_primary_transcript,Name=mmu-mir-3069,-
chr12,109544026,109544742,109568651,109568651,+,9,109540995,109568651,Meg3,NR_027651.2,chr12,mmu-mir-1906-1,109544541,109544620,miRNA_primary_transcript,Name=mmu-mir-1906-1,+
chr12,109558639,109568651,109568651,109568651,+,9,109540995,109568651,Meg3,NR_027651.2,chr12,mmu-mir-770,109563692,109563785,miRNA_primary_transcript,Name=mmu-mir-770,+
chr12,109544026,109544742,109571729,109571729,+,10,109540995,109571729,Meg3,NR_027652.1,chr12,mmu-mir-1906-1,109544541,109544620,miRNA_primary_transcript,Name=mmu-mir-1906-1,+
chr12,109558639,109568651,109568651,109568651,+,5,109545397,109568651,Meg3,NR_003633.3,chr12,mmu-mir-770,109563692,109563785,miRNA_primary_transcript,Name=mmu-mir-770,+
chr12,109589192,109595488,109590168,109595403,-,2,109589192,109600330,Rtl1,NM_184109.2,chr12,mmu-mir-3071,109595318,109595397,miRNA_primary_transcript,Name=mmu-mir-3071,-
chr12,109591536,109592851,109592851,109592851,+,1,109591536,109592851,6430411K18Rik,NR_002848.3,chr12,mmu-mir-433,109591715,109591838,miRNA_primary_transcript,Name=mmu-mir-433,+
chr12,109743665,109743847,109749458,109749458,+,8,109734980,109749458,Mirg,NR_028265.1,chr12,mmu-mir-410,109743715,109743795,miRNA_primary_transcript,Name=mmu-mir-410,+
chr12,112130886,112130946,112130946,112130946,-,1,112130886,112130946,Gm51289,NR_162782.1,chr12,mmu-mir-203b,112130887,112130946,miRNA_primary_transcript,Name=mmu-mir-203b,-
chr13,63298711,63302877,63015166,63298852,+,16,62964892,63302877,Aopep,NM_001289926.1,chr13,mmu-mir-23b,63300484,63300557,miRNA_primary_transcript,Name=mmu-mir-23b,+
chr13,63298711,63302877,63015166,63298852,+,16,62964892,63302877,Aopep,NM_001289926.1,chr13,mmu-mir-27b,63300712,63300784,miRNA_primary_transcript,Name=mmu-mir-27b,+
chr13,63298711,63302877,63015166,63298852,+,16,62964892,63302877,Aopep,NM_001289926.1,chr13,mmu-mir-24-1,63301208,63301275,miRNA_primary_transcript,Name=mmu-mir-24-1,+
chr13,21444921,21446830,21446830,21446830,+,4,21440470,21446830,4930470G03Rik,NR_151504.1,chr13,mmu-mir-1896,21445160,21445240,miRNA_primary_transcript,Name=mmu-mir-1896,+
chr13,54578138,54578221,54578221,54578221,+,1,54578138,54578221,Gm24195,NR_162773.1,chr13,mmu-mir-1271,54578139,54578221,miRNA_primary_transcript,Name=mmu-mir-1271,+
chr13,83738169,83741308,83741308,83741308,+,4,83721380,83741308,C130071C03Rik,NR_152245.1,chr13,mmu-mir-9-2,83738814,83738885,miRNA_primary_transcript,Name=mmu-mir-9-2,+
chr13,83738169,83741308,83741308,83741308,+,5,83721380,83741308,C130071C03Rik,NR_152244.1,chr13,mmu-mir-9-2,83738814,83738885,miRNA_primary_transcript,Name=mmu-mir-9-2,+
chr13,83738169,83741308,83741308,83741308,+,3,83732492,83741308,C130071C03Rik,NR_152246.1,chr13,mmu-mir-9-2,83738814,83738885,miRNA_primary_transcript,Name=mmu-mir-9-2,+
chr13,83738820,83738876,83738876,83738876,-,1,83738820,83738876,Gm51268,NR_162784.1,chr13,mmu-mir-9b-2,83738821,83738876,miRNA_primary_transcript,Name=mmu-mir-9b-2,-
chr14,62837660,62838057,62885865,62956309,+,11,62837660,62961509,Wdfy2,XM_006519064.2,chr14,mmu-mir-8098,62837721,62837857,miRNA_primary_transcript,Name=mmu-mir-8098,+
chr14,62837660,62838057,62954947,62954947,+,11,62837660,62954947,Wdfy2,XR_001781124.2,chr14,mmu-mir-8098,62837721,62837857,miRNA_primary_transcript,Name=mmu-mir-8098,+
chr14,62837660,62838057,62961509,62961509,+,11,62837660,62961509,Wdfy2,XR_003950859.1,chr14,mmu-mir-8098,62837721,62837857,miRNA_primary_transcript,Name=mmu-mir-8098,+
chr14,62837689,62838057,62837920,62956309,+,12,62837689,62956886,Wdfy2,NM_175546.4,chr14,mmu-mir-8098,62837721,62837857,miRNA_primary_transcript,Name=mmu-mir-8098,+
chr14,45657221,45658143,45595482,45620793,-,15,45593170,45658143,Ddhd1,NM_001284399.1,chr14,mmu-mir-5131,45657961,45658053,miRNA_primary_transcript,Name=mmu-mir-5131,-
chr14,45657221,45658143,45595482,45658011,-,14,45593170,45658143,Ddhd1,NM_001042719.2,chr14,mmu-mir-5131,45657961,45658053,miRNA_primary_transcript,Name=mmu-mir-5131,-
chr14,45657221,45658143,45595482,45658011,-,13,45593170,45658143,Ddhd1,NM_176845.5,chr14,mmu-mir-5131,45657961,45658053,miRNA_primary_transcript,Name=mmu-mir-5131,-
chr14,45657221,45658143,45595482,45658011,-,12,45593170,45658143,Ddhd1,NM_001039106.3,chr14,mmu-mir-5131,45657961,45658053,miRNA_primary_transcript,Name=mmu-mir-5131,-
chr14,26668247,26669846,26665524,26669552,-,3,26664116,26669846,Pde12,NM_178668.3,chr14,mmu-mir-7672,26669547,26669608,miRNA_primary_transcript,Name=mmu-mir-7672,-
chr14,54616514,54616821,54614191,54617991,-,3,54614119,54617995,Psmb5,NM_011186.1,chr14,mmu-mir-686,54616677,54616785,miRNA_primary_transcript,Name=mmu-mir-686,-
chr14,63150291,63150348,63150348,63150348,-,1,63150291,63150348,Gm51283,NR_162785.1,chr14,mmu-mir-12185,63150292,63150348,miRNA_primary_transcript,Name=mmu-mir-12185,-
chr14,64590272,64593961,64593961,64593961,+,4,64588114,64593961,Mir124a-1hg,NR_040709.1,chr14,mmu-mir-124-1,64590657,64590741,miRNA_primary_transcript,Name=mmu-mir-124-1,+
chr14,64590272,64593961,64593961,64593961,+,4,64588114,64593961,Mir124a-1hg,NR_040709.1,chr14,mmu-mir-3078,64591185,64591271,miRNA_primary_transcript,Name=mmu-mir-3078,+
chr14,102976580,102982637,102981456,102982440,-,1,102976580,102982637,Kctd12,NM_177715.4,chr14,mmu-mir-5130,102982549,102982632,miRNA_primary_transcript,Name=mmu-mir-5130,-
chr14,115044389,115046728,115046728,115046728,+,1,115044389,115046728,Mir17hg,NR_029382.1,chr14,mmu-mir-92a-1,115044427,115044506,miRNA_primary_transcript,Name=mmu-mir-92a-1,+
chr15,80929088,80941086,80759585,80929476,+,25,80711312,80941086,Tnrc6b,NM_144812.3,chr15,mmu-mir-5113,80940039,80940120,miRNA_primary_transcript,Name=mmu-mir-5113,+
chr15,50888941,50889421,50660674,50846940,-,7,50654756,50889421,Trps1,XM_030248827.1,chr15,mmu-mir-1907,50889025,50889114,miRNA_primary_transcript,Name=mmu-mir-1907,-
chr15,50888941,50889422,50660674,50846940,-,8,50654756,50889422,Trps1,XM_030248826.1,chr15,mmu-mir-1907,50889025,50889114,miRNA_primary_transcript,Name=mmu-mir-1907,-
chr15,50888941,50889422,50660674,50888951,-,7,50654756,50889422,Trps1,XM_006521560.3,chr15,mmu-mir-1907,50889025,50889114,miRNA_primary_transcript,Name=mmu-mir-1907,-
chr15,50888941,50889422,50660674,50888951,-,7,50654756,50889422,Trps1,XM_006521563.3,chr15,mmu-mir-1907,50889025,50889114,miRNA_primary_transcript,Name=mmu-mir-1907,-
chr15,80929088,80941086,80798799,80929476,+,22,80798609,80941086,Tnrc6b,NM_177124.4,chr15,mmu-mir-5113,80940039,80940120,miRNA_primary_transcript,Name=mmu-mir-5113,+
chr15,36239933,36242065,36241368,36265949,-,10,36239933,36283147,Rnf19a,NM_013923.2,chr15,mmu-mir-8097,36240046,36240164,miRNA_primary_transcript,Name=mmu-mir-8097,-
chr15,36239933,36242065,36241856,36265949,-,8,36239933,36283147,Rnf19a,NM_001357631.1,chr15,mmu-mir-8097,36240046,36240164,miRNA_primary_transcript,Name=mmu-mir-8097,-
chr15,78282506,78285379,78284316,78298229,-,14,78282506,78305721,Csf2rb2,NM_007781.3,chr15,mmu-mir-7676-1,78284788,78284849,miRNA_primary_transcript,Name=mmu-mir-7676-1,-
chr15,78282506,78285379,78284316,78298229,-,12,78282506,78305721,Csf2rb2,NM_001287389.1,chr15,mmu-mir-7676-1,78284788,78284849,miRNA_primary_transcript,Name=mmu-mir-7676-1,-
chr15,78348071,78351001,78335206,78349185,+,15,78325799,78351001,Csf2rb,NM_001358854.1,chr15,mmu-mir-7676-2,78348599,78348660,miRNA_primary_transcript,Name=mmu-mir-7676-2,+
chr15,78348071,78351001,78335206,78349185,+,14,78325989,78351001,Csf2rb,NM_007780.4,chr15,mmu-mir-7676-2,78348599,78348660,miRNA_primary_transcript,Name=mmu-mir-7676-2,+
chr15,82393758,82394022,82389153,82393947,-,9,82389153,82394022,Cyp2d11,NM_001104531.1,chr15,mmu-mir-7684,82393919,82393978,miRNA_primary_transcript,Name=mmu-mir-7684,-
chr15,83341802,83341858,83341858,83341858,-,1,83341802,83341858,Gm51290,NR_162786.1,chr15,mmu-mir-12186,83341803,83341858,miRNA_primary_transcript,Name=mmu-mir-12186,-
chr15,85706553,85707524,85707524,85707524,+,2,85703772,85707524,Lncppara,NR_110483.1,chr15,mmu-let-7c-2,85706603,85706697,miRNA_primary_transcript,Name=mmu-let-7c-2,+
chr15,85706553,85707524,85707524,85707524,+,2,85703772,85707524,Lncppara,NR_110483.1,chr15,mmu-let-7b,85707319,85707403,miRNA_primary_transcript,Name=mmu-let-7b,+
chr15,89185361,89185537,89198427,89198427,-,19,89182212,89198427,Dennd6b,XR_003951424.1,chr15,mmu-mir-6958,89185465,89185537,miRNA_primary_transcript,Name=mmu-mir-6958,-
chr15,89185361,89185537,89185269,89196395,-,18,89185193,89198427,Dennd6b,XM_030248746.1,chr15,mmu-mir-6958,89185465,89185537,miRNA_primary_transcript,Name=mmu-mir-6958,-
chr15,89185451,89185537,89185496,89196395,-,16,89185451,89198427,Dennd6b,XM_030248749.1,chr15,mmu-mir-6958,89185465,89185537,miRNA_primary_transcript,Name=mmu-mir-6958,-
chr15,90224310,90224608,90224437,90228379,+,3,90224310,90230554,Alg10b,NM_001033441.3,chr15,mmu-mir-7648,90224360,90224412,miRNA_primary_transcript,Name=mmu-mir-7648,+
chr15,102328647,102328709,102328709,102328709,+,1,102328647,102328709,Gm51296,NR_162787.1,chr15,mmu-mir-12187,102328648,102328709,miRNA_primary_transcript,Name=mmu-mir-12187,+
chr16,18283696,18289096,18255521,18284416,-,13,18253947,18289096,Dgcr8,XM_030249355.1,chr16,mmu-mir-1306,18284239,18284317,miRNA_primary_transcript,Name=mmu-mir-1306,-
chr16,18283696,18289096,18255521,18284416,-,13,18253947,18289096,Dgcr8,XM_030249355.1,chr16,mmu-mir-3618,18284550,18284637,miRNA_primary_transcript,Name=mmu-mir-3618,-
chr16,18283696,18284696,18255521,18284416,-,15,18253947,18289096,Dgcr8,XM_030249353.1,chr16,mmu-mir-1306,18284239,18284317,miRNA_primary_transcript,Name=mmu-mir-1306,-
chr16,18283696,18284696,18255521,18284416,-,15,18253947,18289096,Dgcr8,XM_030249353.1,chr16,mmu-mir-3618,18284550,18284637,miRNA_primary_transcript,Name=mmu-mir-3618,-
chr16,18283696,18284696,18255521,18284416,-,15,18253947,18289233,Dgcr8,XM_030249354.1,chr16,mmu-mir-1306,18284239,18284317,miRNA_primary_transcript,Name=mmu-mir-1306,-
chr16,18283696,18284696,18255521,18284416,-,15,18253947,18289233,Dgcr8,XM_030249354.1,chr16,mmu-mir-3618,18284550,18284637,miRNA_primary_transcript,Name=mmu-mir-3618,-
chr16,18283696,18284696,18255521,18284416,-,15,18253947,18289239,Dgcr8,XM_030249352.1,chr16,mmu-mir-1306,18284239,18284317,miRNA_primary_transcript,Name=mmu-mir-1306,-
chr16,18283696,18284696,18255521,18284416,-,15,18253947,18289239,Dgcr8,XM_030249352.1,chr16,mmu-mir-3618,18284550,18284637,miRNA_primary_transcript,Name=mmu-mir-3618,-
chr16,18283696,18284696,18255521,18284416,-,15,18253947,18289251,Dgcr8,XM_006522795.3,chr16,mmu-mir-1306,18284239,18284317,miRNA_primary_transcript,Name=mmu-mir-1306,-
chr16,18283696,18284696,18255521,18284416,-,15,18253947,18289251,Dgcr8,XM_006522795.3,chr16,mmu-mir-3618,18284550,18284637,miRNA_primary_transcript,Name=mmu-mir-3618,-
chr16,18283696,18284696,18255521,18284416,-,14,18253963,18289168,Dgcr8,NM_033324.2,chr16,mmu-mir-1306,18284239,18284317,miRNA_primary_transcript,Name=mmu-mir-1306,-
chr16,18283696,18284696,18255521,18284416,-,14,18253963,18289168,Dgcr8,NM_033324.2,chr16,mmu-mir-3618,18284550,18284637,miRNA_primary_transcript,Name=mmu-mir-3618,-
chr16,18284549,18284637,18284637,18284637,-,1,18284549,18284637,Gm24572,NR_128565.1,chr16,mmu-mir-3618,18284550,18284637,miRNA_primary_transcript,Name=mmu-mir-3618,-
chr16,57610785,57610845,57610845,57610845,+,1,57610785,57610845,Gm51269,NR_162788.1,chr16,mmu-mir-1970b,57610786,57610845,miRNA_primary_transcript,Name=mmu-mir-1970b,+
chr16,84714052,84715245,84715245,84715245,+,2,84713022,84715245,Mir155hg,NR_132106.1,chr16,mmu-mir-155,84714140,84714204,miRNA_primary_transcript,Name=mmu-mir-155,+
chr17,17826093,17831262,17839071,17839071,+,7,17826093,17839071,Spaca6,XR_003952208.1,chr17,mmu-mir-99b,17830188,17830257,miRNA_primary_transcript,Name=mmu-mir-99b,+
chr17,17826093,17831262,17839071,17839071,+,7,17826093,17839071,Spaca6,XR_003952208.1,chr17,mmu-let-7e,17830352,17830444,miRNA_primary_transcript,Name=mmu-let-7e,+
chr17,17826093,17831262,17839071,17839071,+,7,17826093,17839071,Spaca6,XR_003952208.1,chr17,mmu-mir-125a,17830812,17830879,miRNA_primary_transcript,Name=mmu-mir-125a,+
chr17,23823047,23823904,23806960,23823180,+,15,23803140,23824741,Srrm2,XM_011246702.3,chr17,mmu-mir-5125,23823291,23823369,miRNA_primary_transcript,Name=mmu-mir-5125,+
chr17,23823002,23823904,23806960,23823180,+,15,23803140,23824741,Srrm2,XM_017317708.2,chr17,mmu-mir-5125,23823291,23823369,miRNA_primary_transcript,Name=mmu-mir-5125,+
chr17,23823002,23823904,23806960,23823180,+,15,23803140,23824741,Srrm2,XM_011246701.3,chr17,mmu-mir-5125,23823291,23823369,miRNA_primary_transcript,Name=mmu-mir-5125,+
chr17,23823002,23823904,23806960,23821933,+,16,23803140,23824741,Srrm2,XM_017317714.2,chr17,mmu-mir-5125,23823291,23823369,miRNA_primary_transcript,Name=mmu-mir-5125,+
chr17,23823002,23823904,23806960,23821933,+,16,23803140,23824741,Srrm2,XM_017317711.2,chr17,mmu-mir-5125,23823291,23823369,miRNA_primary_transcript,Name=mmu-mir-5125,+
chr17,23822412,23823904,23806960,23821933,+,15,23803140,23824741,Srrm2,XM_017317710.2,chr17,mmu-mir-5125,23823291,23823369,miRNA_primary_transcript,Name=mmu-mir-5125,+
chr17,23823047,23823904,23806960,23821933,+,15,23803140,23824741,Srrm2,XM_017317713.2,chr17,mmu-mir-5125,23823291,23823369,miRNA_primary_transcript,Name=mmu-mir-5125,+
chr17,23823002,23823904,23806960,23821933,+,15,23803140,23824741,Srrm2,XM_006525079.4,chr17,mmu-mir-5125,23823291,23823369,miRNA_primary_transcript,Name=mmu-mir-5125,+
chr17,23821920,23823904,23806960,23821933,+,14,23803140,23824741,Srrm2,XM_017317709.2,chr17,mmu-mir-5125,23823291,23823369,miRNA_primary_transcript,Name=mmu-mir-5125,+
chr17,25160444,25162100,25162100,25162100,+,25,25133377,25162100,Clcn7,XR_385328.4,chr17,mmu-mir-12188,25160503,25160576,miRNA_primary_transcript,Name=mmu-mir-12188,+
chr17,25160444,25162100,25162100,25162100,+,25,25133377,25162100,Clcn7,XR_003952123.1,chr17,mmu-mir-12188,25160503,25160576,miRNA_primary_transcript,Name=mmu-mir-12188,+
chr17,25160444,25162100,25162100,25162100,+,25,25133379,25162100,Clcn7,XR_001782075.2,chr17,mmu-mir-12188,25160503,25160576,miRNA_primary_transcript,Name=mmu-mir-12188,+
chr17,25160444,25162103,25133476,25160531,+,25,25133390,25162103,Clcn7,NM_011930.4,chr17,mmu-mir-12188,25160503,25160576,miRNA_primary_transcript,Name=mmu-mir-12188,+
chr17,25160444,25162103,25136685,25160531,+,25,25136630,25162103,Clcn7,NM_001317404.1,chr17,mmu-mir-12188,25160503,25160576,miRNA_primary_transcript,Name=mmu-mir-12188,+
chr17,25831308,25831631,25832919,25832919,-,6,25830633,25832919,Stub1,NR_157362.1,chr17,mmu-mir-3082,25831365,25831428,miRNA_primary_transcript,Name=mmu-mir-3082,-
chr17,26920961,26921019,26921019,26921019,+,1,26920961,26921019,Gm27775,NR_105933.1,chr17,mmu-mir-6967-1,26920962,26921019,miRNA_primary_transcript,Name=mmu-mir-6967-1,+
chr17,26948059,26948116,26948116,26948116,+,1,26948059,26948116,Gm51291,NR_162790.1,chr17,mmu-mir-3083b,26948060,26948116,miRNA_primary_transcript,Name=mmu-mir-3083b,+
chr17,33886675,33886733,33886733,33886733,-,1,33886675,33886733,Gm27740,NR_128569.1,chr17,mmu-mir-6967-2,33886676,33886733,miRNA_primary_transcript,Name=mmu-mir-6967-2,-
chr17,35917197,35919777,35923318,35931258,+,20,35916786,35932283,Ppp1r10,XM_030249898.1,chr17,mmu-mir-1894,35917889,35917969,miRNA_primary_transcript,Name=mmu-mir-1894,+
chr17,80194911,80194968,80194968,80194968,-,1,80194911,80194968,Gm51284,NR_162791.1,chr17,mmu-mir-12189,80194912,80194968,miRNA_primary_transcript,Name=mmu-mir-12189,-
chr17,87220141,87220213,87220213,87220213,-,1,87220141,87220213,Gm51270,NR_162792.1,chr17,mmu-mir-12190,87220142,87220213,miRNA_primary_transcript,Name=mmu-mir-12190,-
chr18,68260174,68268952,68268718,68276237,-,5,68260174,68300157,Fam210a,XM_006525524.4,chr18,mmu-mir-7219,68260920,68260973,miRNA_primary_transcript,Name=mmu-mir-7219,-
chr18,68260174,68268952,68268718,68276237,-,5,68260174,68300204,Fam210a,XM_030250272.1,chr18,mmu-mir-7219,68260920,68260973,miRNA_primary_transcript,Name=mmu-mir-7219,-
chr18,68260183,68268952,68268718,68276237,-,4,68260183,68300333,Fam210a,NM_153794.4,chr18,mmu-mir-7219,68260920,68260973,miRNA_primary_transcript,Name=mmu-mir-7219,-
chr18,6490462,6490857,6437234,6490615,-,14,6435950,6490857,Epc1,NM_027497.3,chr18,mmu-mir-1893,6490564,6490646,miRNA_primary_transcript,Name=mmu-mir-1893,-
chr18,6490462,6490857,6489297,6490615,-,2,6488891,6490857,Epc1,NM_001276350.1,chr18,mmu-mir-1893,6490564,6490646,miRNA_primary_transcript,Name=mmu-mir-1893,-
chr18,34759326,34759597,34762699,34770858,+,4,34759326,34773760,Fam53c,NM_001357457.1,chr18,mmu-mir-12191,34759519,34759597,miRNA_primary_transcript,Name=mmu-mir-12191,+
chr18,34759326,34759597,34762646,34770858,+,5,34759326,34773760,Fam53c,NM_001357456.1,chr18,mmu-mir-12191,34759519,34759597,miRNA_primary_transcript,Name=mmu-mir-12191,+
chr19,41581777,41596161,41552498,41586536,+,8,41482681,41596161,Lcor,NM_001370767.1,chr19,mmu-mir-8091,41588651,41588789,miRNA_primary_transcript,Name=mmu-mir-8091,+
chr19,44303000,44306864,44294387,44303200,+,6,44293675,44306864,Scd2,NM_009128.2,chr19,mmu-mir-5114,44303171,44303231,miRNA_primary_transcript,Name=mmu-mir-5114,+
chr19,55192563,55193006,55181014,55192758,+,9,55180732,55193006,Tectb,XM_006526902.2,chr19,mmu-mir-6715,55192678,55192734,miRNA_primary_transcript,Name=mmu-mir-6715,+
chr19,3850766,3850816,3850816,3850816,-,1,3850766,3850816,Gm51271,NR_162795.1,chr19,mmu-mir-12192,3850767,3850816,miRNA_primary_transcript,Name=mmu-mir-12192,-
chr19,6829871,6830139,6829938,6840547,-,18,6829083,6840627,Rps6ka4,NM_019924.2,chr19,mmu-mir-5046,6829886,6829944,miRNA_primary_transcript,Name=mmu-mir-5046,-
chr19,6829871,6830139,6829938,6839616,-,17,6829871,6842145,Rps6ka4,XM_017318261.2,chr19,mmu-mir-5046,6829886,6829944,miRNA_primary_transcript,Name=mmu-mir-5046,-
chr19,6914078,6914292,6911750,6914091,-,6,6910976,6921709,Esrra,XM_017318209.2,chr19,mmu-mir-6990,6914196,6914286,miRNA_primary_transcript,Name=mmu-mir-6990,-
chr19,6914078,6914292,6911750,6914091,-,7,6910976,6921814,Esrra,XM_030250950.1,chr19,mmu-mir-6990,6914196,6914286,miRNA_primary_transcript,Name=mmu-mir-6990,-
chr19,7421913,7425908,7417778,7423106,+,4,7417757,7425908,2700081O15Rik,XM_011247115.3,chr19,mmu-mir-6991,7422573,7422642,miRNA_primary_transcript,Name=mmu-mir-6991,+
chr19,40894563,40894790,40911628,40916065,+,4,40894563,40917942,Zfp518a,XM_011247364.2,chr19,mmu-mir-8092,40894703,40894789,miRNA_primary_transcript,Name=mmu-mir-8092,+
