hostgene_chrom,hostgene_TxStarts,hostgene_TxEnds,hostgene_cdsStart,hostgene_cdsEnd,hostgene_strand,hostgene_Name,hostgene_NCBI_ID,miR_chrom,miR_exonStarts,miR_exonEnds,miR_type,miR_name,miR_strand,gene_type,pre_mRNA_length
chr1,160219173,160792925,160224215,160740889,-,Rabgap1l,XM_006496877.3,chr1,160295864,160295972,miRNA_primary_transcript,mmu-mir-1927,-,protein-coding gene,573752.0
chr1,33907887,34308652,33908271,34307592,+,Dst,XM_006495682.3,chr1,34117359,34117431,miRNA_primary_transcript,mmu-mir-6896,+,protein-coding gene,400765.0
chr1,36140027,36244302,36144225,36244127,-,Uggt1,NM_198899.2,chr1,36144252,36144313,miRNA_primary_transcript,mmu-mir-6897,-,protein-coding gene,104275.0
chr1,64029447,64121504,64035712,64121001,-,Klf7,XM_006496351.3,chr1,64042438,64042501,miRNA_primary_transcript,mmu-mir-6899,-,protein-coding gene,92057.0
chr1,73618380,73864466,73864466,73864466,-,6030407O03Rik,NR_045311.1,chr1,73855477,73855575,miRNA_primary_transcript,mmu-mir-6351,-,non-coding gene,246086.0
chr1,77367181,77515102,77373732,77514946,-,Epha4,XM_006496408.2,chr1,77496653,77496768,miRNA_primary_transcript,mmu-mir-6352,-,protein-coding gene,147921.0
chr1,84036292,84284645,84038030,84284370,-,Pid1,NM_001003948.2,chr1,84218849,84218961,miRNA_primary_transcript,mmu-mir-6353,-,protein-coding gene,248353.0
chr1,106538175,106714290,106543263,106712880,-,Bcl2,NM_009741.5,chr1,106546496,106546631,miRNA_primary_transcript,mmu-mir-3473f,-,protein-coding gene,176115.0
chr1,128103281,128237732,128174955,128236758,+,R3hdm1,XM_030253184.1,chr1,128202361,128202430,miRNA_primary_transcript,mmu-mir-128-1,+,protein-coding gene,134451.0
chr1,132190628,132257382,132228221,132256958,+,Lemd1,XM_006529349.3,chr1,132198088,132198184,miRNA_primary_transcript,mmu-mir-135b,+,protein-coding gene,66754.0
chr1,135434579,135585355,135441683,135585320,-,Nav1,NM_173437.2,chr1,135454603,135454683,miRNA_primary_transcript,mmu-mir-1231,-,protein-coding gene,150776.0
chr1,158362101,158691781,158362582,158688750,+,Astn1,XM_011238740.2,chr1,158505625,158505733,miRNA_primary_transcript,mmu-mir-488,+,protein-coding gene,329680.0
chr1,191997202,192092599,191997429,192070634,-,Traf5,NM_011633.2,chr1,191998554,191998634,miRNA_primary_transcript,mmu-mir-3473c,-,protein-coding gene,95397.0
chr1,20669881,20682958,20682958,20682958,+,Lincmd1,NR_131249.1,chr1,20679010,20679082,miRNA_primary_transcript,mmu-mir-206,+,non-coding gene,13077.0
chr1,36335729,36369138,36337630,36353804,-,Kansl3,XM_017320242.1,chr1,36348682,36348758,miRNA_primary_transcript,mmu-mir-6898,-,protein-coding gene,33409.0
chr1,74391608,74397285,74391897,74395584,+,Ctdsp1,NM_153088.2,chr1,74394310,74394394,miRNA_primary_transcript,mmu-mir-26b,+,protein-coding gene,5677.0
chr1,92439485,92473825,92439838,92470076,-,Ndufa10,XM_030242321.1,chr1,92464483,92464542,miRNA_primary_transcript,mmu-mir-6900,-,protein-coding gene,34340.0
chr1,92831644,92860211,92831931,92858564,+,Gpc1,NM_016696.5,chr1,92850378,92850443,miRNA_primary_transcript,mmu-mir-149,+,protein-coding gene,28567.0
chr1,93343609,93367616,93352538,93365066,+,Ppp1r7,XM_011248057.3,chr1,93346092,93346155,miRNA_primary_transcript,mmu-mir-6902,+,protein-coding gene,24007.0
chr1,93343609,93367616,93352538,93365066,+,Ppp1r7,XM_011248057.3,chr1,93352158,93352285,miRNA_primary_transcript,mmu-mir-6345,+,protein-coding gene,24007.0
chr1,151428541,151458183,151443308,151457934,+,Trmt1l,NM_001357570.1,chr1,151442393,151442450,miRNA_primary_transcript,mmu-mir-7682,+,protein-coding gene,29642.0
chr1,171051177,171064908,171051667,171059353,-,Fcgr3,XM_030247672.1,chr1,171064591,171064652,miRNA_primary_transcript,mmu-mir-6546,-,protein-coding gene,13731.0
chr1,171632402,171653037,171634924,171648927,-,Slamf7,NM_144539.5,chr1,171641840,171641900,miRNA_primary_transcript,mmu-mir-7683,-,protein-coding gene,20635.0
chr1,176729071,176813972,176735679,176793609,-,Cep170,XM_030255566.1,chr1,176772325,176772423,miRNA_primary_transcript,mmu-mir-350,-,protein-coding gene,84901.0
chr1,184813065,184845908,184819220,184845817,-,Mtarc2,NM_133684.4,chr1,184822407,184822488,miRNA_primary_transcript,mmu-mir-1981,-,protein-coding gene,32843.0
chr1,193506459,193510210,193510210,193510210,-,Mir205hg,NR_166150.1,chr1,193507463,193507530,miRNA_primary_transcript,mmu-mir-205,-,non-coding gene,3751.0
chr2,40595289,42653532,40596933,42652909,-,Lrp1b,XM_006498459.4,chr2,42447439,42447568,miRNA_primary_transcript,mmu-mir-6336,-,protein-coding gene,2058243.0
chr2,92183750,92363099,92221561,92360423,+,Phf21a,XM_006498967.4,chr2,92191977,92192074,miRNA_primary_transcript,mmu-mir-1955,+,protein-coding gene,179349.0
chr2,10370439,10595253,10393309,10590570,+,Sfmbt2,XM_006497498.4,chr2,10466663,10466746,miRNA_primary_transcript,mmu-mir-466m,+,protein-coding gene,224814.0
chr2,10370439,10595253,10393309,10590570,+,Sfmbt2,XM_006497498.4,chr2,10466944,10467037,miRNA_primary_transcript,mmu-mir-466f-1,+,protein-coding gene,224814.0
chr2,10370439,10595253,10393309,10590570,+,Sfmbt2,XM_006497498.4,chr2,10467229,10467349,miRNA_primary_transcript,mmu-mir-669f,+,protein-coding gene,224814.0
chr2,10370439,10595253,10393309,10590570,+,Sfmbt2,XM_006497498.4,chr2,10467495,10467613,miRNA_primary_transcript,mmu-mir-669e,+,protein-coding gene,224814.0
chr2,10370439,10595253,10393309,10590570,+,Sfmbt2,XM_006497498.4,chr2,10467790,10467886,miRNA_primary_transcript,mmu-mir-669b,+,protein-coding gene,224814.0
chr2,10370439,10595253,10393309,10590570,+,Sfmbt2,XM_006497498.4,chr2,10468343,10468463,miRNA_primary_transcript,mmu-mir-669d,+,protein-coding gene,224814.0
chr2,10370439,10595253,10393309,10590570,+,Sfmbt2,XM_006497498.4,chr2,10468675,10468768,miRNA_primary_transcript,mmu-mir-466f-2,+,protein-coding gene,224814.0
chr2,10370439,10595253,10393309,10590570,+,Sfmbt2,XM_006497498.4,chr2,10468971,10469068,miRNA_primary_transcript,mmu-mir-669l,+,protein-coding gene,224814.0
chr2,10370439,10595253,10393309,10590570,+,Sfmbt2,XM_006497498.4,chr2,10471644,10471729,miRNA_primary_transcript,mmu-mir-669d-2,+,protein-coding gene,224814.0
chr2,10370439,10595253,10393309,10590570,+,Sfmbt2,XM_006497498.4,chr2,10471953,10472046,miRNA_primary_transcript,mmu-mir-466f-3,+,protein-coding gene,224814.0
chr2,10370439,10595253,10393309,10590570,+,Sfmbt2,XM_006497498.4,chr2,10472254,10472343,miRNA_primary_transcript,mmu-mir-297a-2,+,protein-coding gene,224814.0
chr2,10370439,10595253,10393309,10590570,+,Sfmbt2,XM_006497498.4,chr2,10472540,10472623,miRNA_primary_transcript,mmu-mir-466o,+,protein-coding gene,224814.0
chr2,10370439,10595253,10393309,10590570,+,Sfmbt2,XM_006497498.4,chr2,10473931,10474027,miRNA_primary_transcript,mmu-mir-467c,+,protein-coding gene,224814.0
chr2,10370439,10595253,10393309,10590570,+,Sfmbt2,XM_006497498.4,chr2,10474219,10474300,miRNA_primary_transcript,mmu-mir-466b-1,+,protein-coding gene,224814.0
chr2,10370439,10595253,10393309,10590570,+,Sfmbt2,XM_006497498.4,chr2,10474433,10474541,miRNA_primary_transcript,mmu-mir-669a-3,+,protein-coding gene,224814.0
chr2,10370439,10595253,10393309,10590570,+,Sfmbt2,XM_006497498.4,chr2,10475300,10475426,miRNA_primary_transcript,mmu-mir-669k,+,protein-coding gene,224814.0
chr2,10370439,10595253,10393309,10590570,+,Sfmbt2,XM_006497498.4,chr2,10476346,10476418,miRNA_primary_transcript,mmu-mir-467a-1,+,protein-coding gene,224814.0
chr2,10370439,10595253,10393309,10590570,+,Sfmbt2,XM_006497498.4,chr2,10476628,10476713,miRNA_primary_transcript,mmu-mir-466b-8,+,protein-coding gene,224814.0
chr2,10370439,10595253,10393309,10590570,+,Sfmbt2,XM_006497498.4,chr2,10476853,10476949,miRNA_primary_transcript,mmu-mir-669a-1,+,protein-coding gene,224814.0
chr2,10370439,10595253,10393309,10590570,+,Sfmbt2,XM_006497498.4,chr2,10477150,10477272,miRNA_primary_transcript,mmu-mir-669g,+,protein-coding gene,224814.0
chr2,10370439,10595253,10393309,10590570,+,Sfmbt2,XM_006497498.4,chr2,10477910,10478030,miRNA_primary_transcript,mmu-mir-669j,+,protein-coding gene,224814.0
chr2,10370439,10595253,10393309,10590570,+,Sfmbt2,XM_006497498.4,chr2,10478798,10478880,miRNA_primary_transcript,mmu-mir-467a-2,+,protein-coding gene,224814.0
chr2,10370439,10595253,10393309,10590570,+,Sfmbt2,XM_006497498.4,chr2,10479088,10479171,miRNA_primary_transcript,mmu-mir-466e,+,protein-coding gene,224814.0
chr2,10370439,10595253,10393309,10590570,+,Sfmbt2,XM_006497498.4,chr2,10479315,10479401,miRNA_primary_transcript,mmu-mir-669a-4,+,protein-coding gene,224814.0
chr2,10370439,10595253,10393309,10590570,+,Sfmbt2,XM_006497498.4,chr2,10481248,10481320,miRNA_primary_transcript,mmu-mir-467b,+,protein-coding gene,224814.0
chr2,10370439,10595253,10393309,10590570,+,Sfmbt2,XM_006497498.4,chr2,10481534,10481617,miRNA_primary_transcript,mmu-mir-466c-1,+,protein-coding gene,224814.0
chr2,10370439,10595253,10393309,10590570,+,Sfmbt2,XM_006497498.4,chr2,10481761,10481847,miRNA_primary_transcript,mmu-mir-669a-5,+,protein-coding gene,224814.0
chr2,10370439,10595253,10393309,10590570,+,Sfmbt2,XM_006497498.4,chr2,10483678,10483760,miRNA_primary_transcript,mmu-mir-467a-3,+,protein-coding gene,224814.0
chr2,10370439,10595253,10393309,10590570,+,Sfmbt2,XM_006497498.4,chr2,10483966,10484055,miRNA_primary_transcript,mmu-mir-466c-2,+,protein-coding gene,224814.0
chr2,10370439,10595253,10393309,10590570,+,Sfmbt2,XM_006497498.4,chr2,10484196,10484282,miRNA_primary_transcript,mmu-mir-669a-6,+,protein-coding gene,224814.0
chr2,10370439,10595253,10393309,10590570,+,Sfmbt2,XM_006497498.4,chr2,10486135,10486217,miRNA_primary_transcript,mmu-mir-467a-4,+,protein-coding gene,224814.0
chr2,10370439,10595253,10393309,10590570,+,Sfmbt2,XM_006497498.4,chr2,10486423,10486512,miRNA_primary_transcript,mmu-mir-466b-4,+,protein-coding gene,224814.0
chr2,10370439,10595253,10393309,10590570,+,Sfmbt2,XM_006497498.4,chr2,10486653,10486739,miRNA_primary_transcript,mmu-mir-669a-7,+,protein-coding gene,224814.0
chr2,10370439,10595253,10393309,10590570,+,Sfmbt2,XM_006497498.4,chr2,10488599,10488681,miRNA_primary_transcript,mmu-mir-467a-5,+,protein-coding gene,224814.0
chr2,10370439,10595253,10393309,10590570,+,Sfmbt2,XM_006497498.4,chr2,10488887,10488974,miRNA_primary_transcript,mmu-mir-466b-5,+,protein-coding gene,224814.0
chr2,10370439,10595253,10393309,10590570,+,Sfmbt2,XM_006497498.4,chr2,10489116,10489202,miRNA_primary_transcript,mmu-mir-669p-1,+,protein-coding gene,224814.0
chr2,10370439,10595253,10393309,10590570,+,Sfmbt2,XM_006497498.4,chr2,10491048,10491130,miRNA_primary_transcript,mmu-mir-467a-6,+,protein-coding gene,224814.0
chr2,10370439,10595253,10393309,10590570,+,Sfmbt2,XM_006497498.4,chr2,10491566,10491652,miRNA_primary_transcript,mmu-mir-669a-8,+,protein-coding gene,224814.0
chr2,10370439,10595253,10393309,10590570,+,Sfmbt2,XM_006497498.4,chr2,10493510,10493592,miRNA_primary_transcript,mmu-mir-467a-7,+,protein-coding gene,224814.0
chr2,10370439,10595253,10393309,10590570,+,Sfmbt2,XM_006497498.4,chr2,10493798,10493887,miRNA_primary_transcript,mmu-mir-466b-6,+,protein-coding gene,224814.0
chr2,10370439,10595253,10393309,10590570,+,Sfmbt2,XM_006497498.4,chr2,10494028,10494114,miRNA_primary_transcript,mmu-mir-669a-9,+,protein-coding gene,224814.0
chr2,10370439,10595253,10393309,10590570,+,Sfmbt2,XM_006497498.4,chr2,10495980,10496062,miRNA_primary_transcript,mmu-mir-467a-8,+,protein-coding gene,224814.0
chr2,10370439,10595253,10393309,10590570,+,Sfmbt2,XM_006497498.4,chr2,10496268,10496355,miRNA_primary_transcript,mmu-mir-466b-7,+,protein-coding gene,224814.0
chr2,10370439,10595253,10393309,10590570,+,Sfmbt2,XM_006497498.4,chr2,10496497,10496583,miRNA_primary_transcript,mmu-mir-669p-2,+,protein-coding gene,224814.0
chr2,10370439,10595253,10393309,10590570,+,Sfmbt2,XM_006497498.4,chr2,10498393,10498475,miRNA_primary_transcript,mmu-mir-467a-9,+,protein-coding gene,224814.0
chr2,10370439,10595253,10393309,10590570,+,Sfmbt2,XM_006497498.4,chr2,10498685,10498766,miRNA_primary_transcript,mmu-mir-466b-2,+,protein-coding gene,224814.0
chr2,10370439,10595253,10393309,10590570,+,Sfmbt2,XM_006497498.4,chr2,10498911,10498997,miRNA_primary_transcript,mmu-mir-669a-10,+,protein-coding gene,224814.0
chr2,10370439,10595253,10393309,10590570,+,Sfmbt2,XM_006497498.4,chr2,10501339,10501425,miRNA_primary_transcript,mmu-mir-669a-11,+,protein-coding gene,224814.0
chr2,10370439,10595253,10393309,10590570,+,Sfmbt2,XM_006497498.4,chr2,10503273,10503355,miRNA_primary_transcript,mmu-mir-467a-10,+,protein-coding gene,224814.0
chr2,10370439,10595253,10393309,10590570,+,Sfmbt2,XM_006497498.4,chr2,10503565,10503645,miRNA_primary_transcript,mmu-mir-466b-3,+,protein-coding gene,224814.0
chr2,10370439,10595253,10393309,10590570,+,Sfmbt2,XM_006497498.4,chr2,10503791,10503877,miRNA_primary_transcript,mmu-mir-669a-12,+,protein-coding gene,224814.0
chr2,10370439,10595253,10393309,10590570,+,Sfmbt2,XM_006497498.4,chr2,10505721,10505807,miRNA_primary_transcript,mmu-mir-467e,+,protein-coding gene,224814.0
chr2,10370439,10595253,10393309,10590570,+,Sfmbt2,XM_006497498.4,chr2,10506006,10506094,miRNA_primary_transcript,mmu-mir-466p,+,protein-coding gene,224814.0
chr2,10370439,10595253,10393309,10590570,+,Sfmbt2,XM_006497498.4,chr2,10507630,10507714,miRNA_primary_transcript,mmu-mir-467d,+,protein-coding gene,224814.0
chr2,10370439,10595253,10393309,10590570,+,Sfmbt2,XM_006497498.4,chr2,10507918,10507990,miRNA_primary_transcript,mmu-mir-466a,+,protein-coding gene,224814.0
chr2,10370439,10595253,10393309,10590570,+,Sfmbt2,XM_006497498.4,chr2,10509016,10509113,miRNA_primary_transcript,mmu-mir-297c,+,protein-coding gene,224814.0
chr2,10370439,10595253,10393309,10590570,+,Sfmbt2,XM_006497498.4,chr2,10509296,10509404,miRNA_primary_transcript,mmu-mir-669c,+,protein-coding gene,224814.0
chr2,10370439,10595253,10393309,10590570,+,Sfmbt2,XM_006497498.4,chr2,10510164,10510260,miRNA_primary_transcript,mmu-mir-669a-2,+,protein-coding gene,224814.0
chr2,10370439,10595253,10393309,10590570,+,Sfmbt2,XM_006497498.4,chr2,10511667,10511775,miRNA_primary_transcript,mmu-mir-297b,+,protein-coding gene,224814.0
chr2,10370439,10595253,10393309,10590570,+,Sfmbt2,XM_006497498.4,chr2,10511967,10512062,miRNA_primary_transcript,mmu-mir-466d,+,protein-coding gene,224814.0
chr2,10370439,10595253,10393309,10590570,+,Sfmbt2,XM_006497498.4,chr2,10512790,10512887,miRNA_primary_transcript,mmu-mir-669m-1,+,protein-coding gene,224814.0
chr2,10370439,10595253,10393309,10590570,+,Sfmbt2,XM_006497498.4,chr2,10513434,10513531,miRNA_primary_transcript,mmu-mir-669m-2,+,protein-coding gene,224814.0
chr2,10370439,10595253,10393309,10590570,+,Sfmbt2,XM_006497498.4,chr2,10513741,10513834,miRNA_primary_transcript,mmu-mir-466n,+,protein-coding gene,224814.0
chr2,10370439,10595253,10393309,10590570,+,Sfmbt2,XM_006497498.4,chr2,10514300,10514395,miRNA_primary_transcript,mmu-mir-669o,+,protein-coding gene,224814.0
chr2,10370439,10595253,10393309,10590570,+,Sfmbt2,XM_006497498.4,chr2,10514595,10514674,miRNA_primary_transcript,mmu-mir-466g,+,protein-coding gene,224814.0
chr2,10370439,10595253,10393309,10590570,+,Sfmbt2,XM_006497498.4,chr2,10514891,10514971,miRNA_primary_transcript,mmu-mir-466h,+,protein-coding gene,224814.0
chr2,10370439,10595253,10393309,10590570,+,Sfmbt2,XM_006497498.4,chr2,10515820,10515921,miRNA_primary_transcript,mmu-mir-297a-3,+,protein-coding gene,224814.0
chr2,10370439,10595253,10393309,10590570,+,Sfmbt2,XM_006497498.4,chr2,10516097,10516217,miRNA_primary_transcript,mmu-mir-466l,+,protein-coding gene,224814.0
chr2,10370439,10595253,10393309,10590570,+,Sfmbt2,XM_006497498.4,chr2,10517067,10517164,miRNA_primary_transcript,mmu-mir-297a-4,+,protein-coding gene,224814.0
chr2,10370439,10595253,10393309,10590570,+,Sfmbt2,XM_006497498.4,chr2,10517604,10517730,miRNA_primary_transcript,mmu-mir-669i,+,protein-coding gene,224814.0
chr2,10370439,10595253,10393309,10590570,+,Sfmbt2,XM_006497498.4,chr2,10518155,10518279,miRNA_primary_transcript,mmu-mir-669h,+,protein-coding gene,224814.0
chr2,14229413,14332023,14229512,14331175,+,Mrc1,NM_008625.2,chr2,14261003,14261081,miRNA_primary_transcript,mmu-mir-511,+,protein-coding gene,102610.0
chr2,18055159,18210015,18109843,18209091,+,Mllt10,XM_030248200.1,chr2,18057846,18057903,miRNA_primary_transcript,mmu-mir-7655,+,protein-coding gene,154856.0
chr2,26457901,26503822,26459530,26503558,-,Notch1,NM_008714.3,chr2,26470059,26470119,miRNA_primary_transcript,mmu-mir-6996,-,protein-coding gene,45921.0
chr2,28698274,28813165,28700190,28813065,+,Ak8,XM_006498287.4,chr2,28733278,28733351,miRNA_primary_transcript,mmu-mir-3088,+,protein-coding gene,114891.0
chr2,29965559,30031451,29978379,30031096,+,Sptan1,NM_001177668.1,chr2,29995950,29996020,miRNA_primary_transcript,mmu-mir-6997,+,protein-coding gene,65892.0
chr2,31572642,31617521,31572869,31616187,+,Fubp3,XM_030251754.1,chr2,31612421,31612484,miRNA_primary_transcript,mmu-mir-6998,+,protein-coding gene,44879.0
chr2,67565688,68122690,68117942,68118923,+,B3galt1,NM_001379328.1,chr2,67675457,67675516,miRNA_primary_transcript,mmu-mir-7224,+,protein-coding gene,557002.0
chr2,67565688,68122690,68117942,68118923,+,B3galt1,NM_001379328.1,chr2,67781043,67781140,miRNA_primary_transcript,mmu-mir-6335,+,protein-coding gene,557002.0
chr2,93419101,93461851,93419864,93437450,-,Cd82,NM_001271461.1,chr2,93421929,93422007,miRNA_primary_transcript,mmu-mir-7001,-,protein-coding gene,42750.0
chr2,94160635,94265088,94265088,94265088,-,Mir670hg,XR_866566.2,chr2,94241364,94241453,miRNA_primary_transcript,mmu-mir-129-2,-,non-coding gene,104453.0
chr2,94160635,94265088,94265088,94265088,-,Mir670hg,XR_866566.2,chr2,94261300,94261399,miRNA_primary_transcript,mmu-mir-670,-,non-coding gene,104453.0
chr2,114101160,114175339,114101438,114175166,-,Aqr,NM_009702.3,chr2,114150516,114150570,miRNA_primary_transcript,mmu-mir-7002,-,protein-coding gene,74179.0
chr2,115580906,115778774,115603568,115777031,+,BC052040,XM_030251825.1,chr2,115638725,115638813,miRNA_primary_transcript,mmu-mir-1951,+,protein-coding gene,197868.0
chr2,168634437,168711835,168634771,168706233,-,Atp9a,NM_001354978.1,chr2,168640696,168640759,miRNA_primary_transcript,mmu-mir-7004,-,protein-coding gene,77398.0
chr2,25054360,25062881,25054600,25061769,+,Nsmf,XM_006498203.4,chr2,25059811,25059873,miRNA_primary_transcript,mmu-mir-7664,+,protein-coding gene,8521.0
chr2,25428598,25448540,25428769,25447876,+,Abca2,NM_007379.3,chr2,25442779,25442834,miRNA_primary_transcript,mmu-mir-3087,+,protein-coding gene,19942.0
chr2,26581082,26592682,26589086,26592440,+,Egfl7,NM_178444.5,chr2,26591357,26591429,miRNA_primary_transcript,mmu-mir-126a,+,protein-coding gene,11600.0
chr2,27445575,27461618,27448464,27459579,-,Brd3,XM_011239159.2,chr2,27450549,27450630,miRNA_primary_transcript,mmu-mir-7578,-,protein-coding gene,16043.0
chr2,32646594,32682669,32646957,32681561,+,Eng,NM_001146348.1,chr2,32652329,32652414,miRNA_primary_transcript,mmu-mir-1954,+,protein-coding gene,36075.0
chr2,38815971,38921863,38921863,38921863,+,Nr6a1os,XR_866167.2,chr2,38852735,38852810,miRNA_primary_transcript,mmu-mir-181a-2,+,non-coding gene,105892.0
chr2,38815971,38921863,38921863,38921863,+,Nr6a1os,XR_866167.2,chr2,38853830,38853918,miRNA_primary_transcript,mmu-mir-181b-2,+,non-coding gene,105892.0
chr2,74711992,74748271,74744011,74747079,+,Hoxd3,NM_010468.2,chr2,74726070,74726137,miRNA_primary_transcript,mmu-mir-10b,+,protein-coding gene,36279.0
chr2,91932821,91963563,91933408,91963446,-,Dgkz,NM_138306.2,chr2,91944870,91944930,miRNA_primary_transcript,mmu-mir-6999,-,protein-coding gene,30742.0
chr2,92383670,92392745,92384638,92392227,-,Mapk8ip1,XM_006498954.2,chr2,92387384,92387446,miRNA_primary_transcript,mmu-mir-7000,-,protein-coding gene,9075.0
chr2,119972389,120027403,119973051,120025331,+,Mapkbp1,XM_030251566.1,chr2,120017517,120017579,miRNA_primary_transcript,mmu-mir-7665,+,protein-coding gene,55014.0
chr2,126890390,126933235,126894211,126933012,-,Sppl2a,NM_023220.2,chr2,126902250,126902385,miRNA_primary_transcript,mmu-mir-3473g,-,protein-coding gene,42845.0
chr2,131262007,131299188,131274155,131296323,+,Pank2,NM_001355681.1,chr2,131288052,131288137,miRNA_primary_transcript,mmu-mir-103-2,+,protein-coding gene,37181.0
chr2,152847963,152895321,152867251,152893691,+,Tpx2,NM_001141975.1,chr2,152865067,152865126,miRNA_primary_transcript,mmu-mir-5622,+,protein-coding gene,47358.0
chr2,155611242,155634307,155611657,155634091,+,Myh7b,NM_001085378.2,chr2,155622880,155622958,miRNA_primary_transcript,mmu-mir-499,+,protein-coding gene,23065.0
chr2,163054326,163083675,163054828,163083294,+,Mybl2,XM_006498875.4,chr2,163068090,163068155,miRNA_primary_transcript,mmu-mir-7003,+,protein-coding gene,29349.0
chr2,164354069,164356507,164354876,164356272,-,Slpi,NM_011414.3,chr2,164354313,164354383,miRNA_primary_transcript,mmu-mir-7678,-,protein-coding gene,2438.0
chr2,180385603,180401802,180401802,180401802,+,Mir1a-1hg,NR_045331.1,chr2,180389048,180389124,miRNA_primary_transcript,mmu-mir-1a-1,+,non-coding gene,16199.0
chr2,180385603,180401802,180401802,180401802,+,Mir1a-1hg,NR_045331.1,chr2,180398379,180398482,miRNA_primary_transcript,mmu-mir-133a-2,+,non-coding gene,16199.0
chr2,181582102,181592461,181584821,181590983,-,Zfp512b,NM_001164597.1,chr2,181587900,181587968,miRNA_primary_transcript,mmu-mir-7006,-,protein-coding gene,10359.0
chr3,28261900,28670585,28263642,28667982,+,Tnik,XM_006535521.3,chr3,28419943,28420018,miRNA_primary_transcript,mmu-mir-466q,+,protein-coding gene,408685.0
chr3,29081652,29690150,29082004,29686769,+,Egfem1,XM_017319787.2,chr3,29416823,29416920,miRNA_primary_transcript,mmu-mir-551b,+,protein-coding gene,608498.0
chr3,29081652,29690150,29082004,29686769,+,Egfem1,XM_017319787.2,chr3,29636744,29636851,miRNA_primary_transcript,mmu-mir-21b,+,protein-coding gene,608498.0
chr3,27416134,27710452,27419290,27643061,-,Fndc3b,NM_173182.3,chr3,27584900,27584995,miRNA_primary_transcript,mmu-mir-3092,-,protein-coding gene,294318.0
chr3,88206672,88229959,88229959,88229959,+,Gm3764,NR_168089.1,chr3,88215171,88215257,miRNA_primary_transcript,mmu-mir-3093,+,non-coding gene,23287.0
chr3,89999588,90052480,90000214,90047859,-,Ubap2l,NM_028475.3,chr3,90011153,90011210,miRNA_primary_transcript,mmu-mir-7669,-,protein-coding gene,52892.0
chr3,138526190,138559696,138527296,138555504,+,Eif4e,NM_007917.4,chr3,138526421,138526485,miRNA_primary_transcript,mmu-mir-1956,+,protein-coding gene,33506.0
chr3,30995741,31052732,30995984,31050277,+,Prkci,XM_006535411.4,chr3,31038966,31039028,miRNA_primary_transcript,mmu-mir-7008,+,protein-coding gene,56991.0
chr3,36448922,36475887,36449343,36475432,-,Anxa5,NM_009673.2,chr3,36475461,36475524,miRNA_primary_transcript,mmu-mir-7009,-,protein-coding gene,26965.0
chr3,69004737,69034623,69006080,69034526,+,Smc4,NM_133786.4,chr3,69009772,69009835,miRNA_primary_transcript,mmu-mir-15b,+,protein-coding gene,29886.0
chr3,82092426,82145073,82094694,82119145,-,Gucy1a1,NM_001356987.1,chr3,82106247,82106309,miRNA_primary_transcript,mmu-mir-7010,-,protein-coding gene,52647.0
chr3,88435958,88455228,88436659,88455122,-,Sema4a,XM_006501188.4,chr3,88440879,88440951,miRNA_primary_transcript,mmu-mir-7011,-,protein-coding gene,19270.0
chr3,90265019,90280665,90267435,90279922,+,Dennd4b,XM_006501355.4,chr3,90270149,90270212,miRNA_primary_transcript,mmu-mir-7012,+,protein-coding gene,15646.0
chr3,95734146,95739569,95734239,95739442,-,Ecm1,NM_007899.3,chr3,95734911,95734973,miRNA_primary_transcript,mmu-mir-7014,-,protein-coding gene,5423.0
chr3,127545088,127546903,127546903,127546903,+,Gm51018,NR_146435.1,chr3,127545228,127545301,miRNA_primary_transcript,mmu-mir-302b,+,non-coding gene,1815.0
chr3,127545088,127546903,127546903,127546903,+,Gm51018,NR_146435.1,chr3,127545363,127545430,miRNA_primary_transcript,mmu-mir-302c,+,non-coding gene,1815.0
chr3,127545088,127546903,127546903,127546903,+,Gm51018,NR_146435.1,chr3,127545496,127545564,miRNA_primary_transcript,mmu-mir-302a,+,non-coding gene,1815.0
chr3,127545088,127546903,127546903,127546903,+,Gm51018,NR_146435.1,chr3,127545624,127545689,miRNA_primary_transcript,mmu-mir-302d,+,non-coding gene,1815.0
chr3,127545088,127546903,127546903,127546903,+,Gm51018,NR_146435.1,chr3,127545733,127545807,miRNA_primary_transcript,mmu-mir-367,+,non-coding gene,1815.0
chr3,157534119,157548345,157534418,157546108,+,Zranb2,XM_017319646.2,chr3,157544279,157544349,miRNA_primary_transcript,mmu-mir-186,+,protein-coding gene,14226.0
chr4,35696777,36739099,35708157,35709978,-,Lingo2,XM_017320195.2,chr4,36645373,36645453,miRNA_primary_transcript,mmu-mir-876,-,protein-coding gene,1042322.0
chr4,35696777,36739099,35708157,35709978,-,Lingo2,XM_017320195.2,chr4,36668510,36668586,miRNA_primary_transcript,mmu-mir-873a,-,protein-coding gene,1042322.0
chr4,48190710,48279589,48194607,48279440,-,Erp44,NM_029572.3,chr4,48213119,48213215,miRNA_primary_transcript,mmu-mir-1958,-,protein-coding gene,88879.0
chr4,133130530,133199748,133176482,133195874,+,Wasf2,XM_006538850.4,chr4,133195655,133195716,miRNA_primary_transcript,mmu-mir-7017,+,protein-coding gene,69218.0
chr4,33310299,33445224,33323694,33443673,+,Rngtt,XM_017320189.2,chr4,33438081,33438209,miRNA_primary_transcript,mmu-mir-8118,+,protein-coding gene,134925.0
chr4,40970942,41025992,40971034,41024873,+,Nfx1,NM_023739.3,chr4,40993695,40993758,miRNA_primary_transcript,mmu-mir-3094,+,protein-coding gene,55050.0
chr4,44126209,44233644,44129593,44152466,-,Rnf38,XM_011250116.3,chr4,44221195,44221267,miRNA_primary_transcript,mmu-mir-5106,-,protein-coding gene,107435.0
chr4,44524747,44710694,44531505,44710408,-,Pax5,NM_008782.3,chr4,44607491,44607568,miRNA_primary_transcript,mmu-mir-5120,-,protein-coding gene,185947.0
chr4,56876002,56947453,56880246,56947411,-,Tmem245,XM_011250037.3,chr4,56895229,56895298,miRNA_primary_transcript,mmu-mir-32,-,protein-coding gene,71451.0
chr4,58435251,58499403,58437332,58487215,-,Lpar1,NM_001290486.1,chr4,58441012,58441098,miRNA_primary_transcript,mmu-mir-3095,-,protein-coding gene,64152.0
chr4,63214008,63333965,63214348,63333308,+,Col27a1,XM_030253629.1,chr4,63256851,63256932,miRNA_primary_transcript,mmu-mir-455,+,protein-coding gene,119957.0
chr4,88094619,88411011,88124624,88410690,+,Focad,XM_030253421.1,chr4,88122040,88122125,miRNA_primary_transcript,mmu-mir-491,+,protein-coding gene,316392.0
chr4,94603265,94693233,94617981,94693069,+,Ift74,XM_006503326.3,chr4,94665157,94665237,miRNA_primary_transcript,mmu-mir-872,+,protein-coding gene,89968.0
chr4,118208212,118291268,118209820,118277439,-,Ptprf,XM_006502864.2,chr4,118210505,118210564,miRNA_primary_transcript,mmu-mir-7226,-,protein-coding gene,83056.0
chr4,125490258,125714173,125490830,125708091,+,Grik3,XM_017319980.2,chr4,125504749,125504857,miRNA_primary_transcript,mmu-mir-692-2,+,protein-coding gene,223915.0
chr4,133679007,133753985,133680330,133753611,-,Arid1a,NM_001080819.2,chr4,133717050,133717108,miRNA_primary_transcript,mmu-mir-7227,-,protein-coding gene,74978.0
chr4,134561689,134704290,134563705,134703469,-,Man1c1,NM_207237.3,chr4,134567723,134567851,miRNA_primary_transcript,mmu-mir-6403,-,protein-coding gene,142601.0
chr4,137468750,137570630,137468861,137569664,+,Hspg2,XM_006538575.2,chr4,137538286,137538370,miRNA_primary_transcript,mmu-mir-7018,+,protein-coding gene,101880.0
chr4,137991778,138207062,138097350,138206154,+,Eif4g3,XM_030253495.1,chr4,138163209,138163292,miRNA_primary_transcript,mmu-mir-6399,+,protein-coding gene,215284.0
chr4,143107390,143212709,143111656,143194669,-,Prdm2,NM_001081355.3,chr4,143136100,143136162,miRNA_primary_transcript,mmu-mir-7021,-,protein-coding gene,105319.0
chr4,149518240,149566437,149545735,149564263,+,Ctnnbip1,NM_023465.4,chr4,149537863,149537922,miRNA_primary_transcript,mmu-mir-5616,+,protein-coding gene,48197.0
chr4,149649167,149698690,149650639,149663284,-,Pik3cd,XM_006538642.4,chr4,149655504,149655567,miRNA_primary_transcript,mmu-mir-7023,-,protein-coding gene,49523.0
chr4,15917239,15945377,15919034,15945351,-,Decr1,NM_026172.4,chr4,15942900,15942991,miRNA_primary_transcript,mmu-mir-6400,-,protein-coding gene,28138.0
chr4,40804601,40853795,40807184,40853766,-,B4galt1,NM_001378519.1,chr4,40850056,40850138,miRNA_primary_transcript,mmu-mir-5123,-,protein-coding gene,49194.0
chr4,120757434,120815713,120758176,120790481,-,Nfyc,NM_001357192.1,chr4,120769534,120769622,miRNA_primary_transcript,mmu-mir-30c-1,-,protein-coding gene,58279.0
chr4,120757434,120815713,120758176,120790481,-,Nfyc,NM_001357192.1,chr4,120772606,120772697,miRNA_primary_transcript,mmu-mir-30e,-,protein-coding gene,58279.0
chr4,124714860,124732423,124714894,124732265,+,Sf3a3,NM_029157.3,chr4,124731694,124731802,miRNA_primary_transcript,mmu-mir-697,+,protein-coding gene,17563.0
chr4,126556956,126593914,126557113,126592762,+,Clspn,XM_006503125.4,chr4,126559860,126559918,miRNA_primary_transcript,mmu-mir-7119,+,protein-coding gene,36958.0
chr4,129676351,129696845,129676565,129692641,-,Tmem39b,NM_001356378.1,chr4,129684500,129684571,miRNA_primary_transcript,mmu-mir-7016,-,protein-coding gene,20494.0
chr4,138313408,138326296,138313955,138326219,-,Pink1,NM_026880.2,chr4,138316132,138316200,miRNA_primary_transcript,mmu-mir-7019,-,protein-coding gene,12888.0
chr4,139622870,139644956,139623138,139644644,+,Aldh4a1,XM_006538693.4,chr4,139644042,139644111,miRNA_primary_transcript,mmu-mir-7020,+,protein-coding gene,22086.0
chr4,148145715,148151925,148145915,148149637,-,Fbxo6,NM_015797.4,chr4,148146936,148146996,miRNA_primary_transcript,mmu-mir-7022,-,protein-coding gene,6210.0
chr4,156052714,156059802,156059802,156059802,-,Gm13648,NR_132444.1,chr4,156054896,156054985,miRNA_primary_transcript,mmu-mir-200a,-,non-coding gene,7088.0
chr4,156052714,156059802,156059802,156059802,-,Gm13648,NR_132444.1,chr4,156055681,156055750,miRNA_primary_transcript,mmu-mir-200b,-,non-coding gene,7088.0
chr5,9266098,9481827,9399212,9479255,+,Elapor2,XM_030254371.1,chr5,9375704,9375779,miRNA_primary_transcript,mmu-mir-879,+,protein-coding gene,215729.0
chr5,34573663,34632308,34601343,34630816,+,Add1,NM_001024458.4,chr5,34574151,34574213,miRNA_primary_transcript,mmu-mir-7036b,+,protein-coding gene,58645.0
chr5,47981290,48306748,47985039,48304241,+,Slit2,XM_006503816.4,chr5,48223942,48224051,miRNA_primary_transcript,mmu-mir-218-1,+,protein-coding gene,325458.0
chr5,64970074,65041901,64979715,65040740,+,Fam114a1,NM_026667.3,chr5,64970318,64970395,miRNA_primary_transcript,mmu-mir-574,+,protein-coding gene,71827.0
chr5,110879784,111289780,110879904,111286547,+,Ttc28,XM_006534845.4,chr5,111004144,111004252,miRNA_primary_transcript,mmu-mir-701,+,protein-coding gene,409996.0
chr5,136248134,136565981,136248910,136565697,-,Cux1,NM_001291240.1,chr5,136375716,136375803,miRNA_primary_transcript,mmu-mir-721,-,protein-coding gene,317847.0
chr5,34948928,35030457,34964874,35030415,+,Rgs12,XM_006504124.3,chr5,35021049,35021115,miRNA_primary_transcript,mmu-mir-3097,+,protein-coding gene,81529.0
chr5,110664372,110770370,110665801,110756731,-,Ep400,XM_017321129.2,chr5,110666075,110666141,miRNA_primary_transcript,mmu-mir-7026,-,protein-coding gene,105998.0
chr5,123973601,124001435,123973762,124001326,+,Hip1r,XM_006530370.4,chr5,123996852,123996930,miRNA_primary_transcript,mmu-mir-7032,+,protein-coding gene,27834.0
chr5,135376141,135404841,135378076,135392374,-,Pom121,XM_006504334.3,chr5,135383730,135383810,miRNA_primary_transcript,mmu-mir-7033,-,protein-coding gene,28700.0
chr5,144876494,144965830,144879356,144965555,-,Smurf1,NM_001038627.1,chr5,144896732,144896816,miRNA_primary_transcript,mmu-mir-7039,-,protein-coding gene,89336.0
chr5,30155252,30184593,30163676,30184088,+,Hadhb,NM_145558.2,chr5,30170739,30170816,miRNA_primary_transcript,mmu-mir-1960,+,protein-coding gene,29341.0
chr5,31624438,31697610,31624482,31697601,-,Rbks,NM_153196.1,chr5,31667231,31667340,miRNA_primary_transcript,mmu-mir-3473e,-,protein-coding gene,73172.0
chr5,33897915,33936271,33898724,33936235,-,Nelfa,NM_011914.3,chr5,33898910,33898971,miRNA_primary_transcript,mmu-mir-7024,-,protein-coding gene,38356.0
chr5,50218381,50282245,50282245,50282245,+,Gm40301,XR_003955917.1,chr5,50252762,50252868,miRNA_primary_transcript,mmu-mir-8117,+,non-coding gene,63864.0
chr5,77265493,77283697,77267940,77282984,+,Rest,NM_011263.2,chr5,77272757,77272838,miRNA_primary_transcript,mmu-mir-5098,+,protein-coding gene,18204.0
chr5,104045537,104065369,104050620,104065115,+,Nudt9,XM_030254846.1,chr5,104048003,104048063,miRNA_primary_transcript,mmu-mir-5619,+,protein-coding gene,19832.0
chr5,114380516,114415379,114415379,114415379,+,Ube3b,XR_387554.3,chr5,114404468,114404539,miRNA_primary_transcript,mmu-mir-7027,+,non-coding gene,34863.0
chr5,114707778,114722327,114708653,114721140,+,Tchp,NM_029992.2,chr5,114719515,114719578,miRNA_primary_transcript,mmu-mir-7028,+,protein-coding gene,14549.0
chr5,115631903,115645739,115632146,115645739,+,Rab35,XM_006530500.4,chr5,115645573,115645632,miRNA_primary_transcript,mmu-mir-7030,+,protein-coding gene,13836.0
chr5,121815480,121836023,121817770,121829049,-,Sh2b3,XM_006530170.4,chr5,121819209,121819273,miRNA_primary_transcript,mmu-mir-7031,-,protein-coding gene,20543.0
chr5,123511329,123524164,123512510,123524120,-,Diablo,NM_023232.3,chr5,123522637,123522695,miRNA_primary_transcript,mmu-mir-7647,-,protein-coding gene,12835.0
chr5,135735489,135744172,135735691,135744128,-,Tmem120a,NM_172541.2,chr5,135735806,135735889,miRNA_primary_transcript,mmu-mir-7034,-,protein-coding gene,8683.0
chr5,136083915,136111860,136084112,136111552,+,Rasa4,NM_001039103.3,chr5,136105522,136105603,miRNA_primary_transcript,mmu-mir-7035,+,protein-coding gene,27945.0
chr5,137295703,137307674,137295830,137307167,-,Srrt,NM_031405.2,chr5,137296624,137296688,miRNA_primary_transcript,mmu-mir-7036a,-,protein-coding gene,11971.0
chr5,138164582,138171266,138164718,138169428,-,Mcm7,NM_001356577.1,chr5,138165321,138165404,miRNA_primary_transcript,mmu-mir-25,-,protein-coding gene,6684.0
chr5,138164582,138171266,138164718,138169428,-,Mcm7,NM_001356577.1,chr5,138165523,138165610,miRNA_primary_transcript,mmu-mir-93,-,protein-coding gene,6684.0
chr5,138164582,138171266,138164718,138169428,-,Mcm7,NM_001356577.1,chr5,138165737,138165818,miRNA_primary_transcript,mmu-mir-106b,-,protein-coding gene,6684.0
chr5,139359738,139406295,139360544,139405841,-,3110082I17Rik,XM_006504738.4,chr5,139369650,139369745,miRNA_primary_transcript,mmu-mir-339,-,protein-coding gene,46557.0
chr5,139751281,139775678,139751517,139775470,-,Ints1,NM_026748.2,chr5,139767879,139767943,miRNA_primary_transcript,mmu-mir-7037,-,protein-coding gene,24397.0
chr5,140419304,140443358,140419360,140442423,+,Eif3b,NM_133916.2,chr5,140427339,140427409,miRNA_primary_transcript,mmu-mir-7038,+,protein-coding gene,24054.0
chr6,27275120,28126426,27275644,28126125,-,Grm8,NM_001311072.1,chr6,27936655,27936750,miRNA_primary_transcript,mmu-mir-592,-,protein-coding gene,851306.0
chr6,36387990,36528638,36523209,36524610,+,Chrm2,XM_030255394.1,chr6,36421742,36421825,miRNA_primary_transcript,mmu-mir-490,+,protein-coding gene,140648.0
chr6,50566642,50594865,50594865,50594865,+,5430402O13Rik,NR_027892.1,chr6,50572398,50572508,miRNA_primary_transcript,mmu-mir-6371,+,non-coding gene,28223.0
chr6,51222956,51280572,51223293,51280572,-,Gm38821,XM_011241556.1,chr6,51269812,51269910,miRNA_primary_transcript,mmu-mir-148a,-,protein-coding gene,57616.0
chr6,94604528,94639856,94605758,94626379,-,Lrig1,XM_030255198.1,chr6,94606364,94606415,miRNA_primary_transcript,mmu-mir-7041,-,protein-coding gene,35328.0
chr6,108213082,108549842,108236993,108545274,+,Itpr1,XM_006505631.3,chr6,108489743,108489803,miRNA_primary_transcript,mmu-mir-7661,+,protein-coding gene,336760.0
chr6,116633007,116673836,116638237,116661904,-,Rassf4,NM_178045.4,chr6,116645978,116646047,miRNA_primary_transcript,mmu-mir-7043,-,protein-coding gene,40829.0
chr6,119923968,120038638,119926369,120037632,-,Wnk1,XM_017321544.1,chr6,120034228,120034311,miRNA_primary_transcript,mmu-mir-706,-,protein-coding gene,114670.0
chr6,3685677,3763623,3687394,3752974,-,Calcr,NM_001377018.1,chr6,3721301,3721385,miRNA_primary_transcript,mmu-mir-653,-,protein-coding gene,77946.0
chr6,3685677,3763623,3687394,3752974,-,Calcr,NM_001377018.1,chr6,3721897,3722003,miRNA_primary_transcript,mmu-mir-489,-,protein-coding gene,77946.0
chr6,30158639,30174125,30174125,30174125,-,Mirc35hg,NR_126540.1,chr6,30165918,30165992,miRNA_primary_transcript,mmu-mir-182,-,non-coding gene,15486.0
chr6,30158639,30174125,30174125,30174125,-,Mirc35hg,NR_126540.1,chr6,30169446,30169551,miRNA_primary_transcript,mmu-mir-96,-,non-coding gene,15486.0
chr6,30158639,30174125,30174125,30174125,-,Mirc35hg,NR_126540.1,chr6,30169668,30169737,miRNA_primary_transcript,mmu-mir-183,-,non-coding gene,15486.0
chr6,30733505,30748466,30740670,30747169,+,Mest,NM_001252293.1,chr6,30741299,30741396,miRNA_primary_transcript,mmu-mir-335,+,protein-coding gene,14961.0
chr6,83034204,83052566,83035481,83050873,+,Loxl3,NM_013586.5,chr6,83049711,83049773,miRNA_primary_transcript,mmu-mir-7040,+,protein-coding gene,18362.0
chr6,83362372,83441678,83368041,83404779,-,Tet3,NM_183138.2,chr6,83400996,83401102,miRNA_primary_transcript,mmu-mir-6374,-,protein-coding gene,79306.0
chr6,113697049,113711082,113697712,113710181,+,Tatdn2,NM_001033463.4,chr6,113707208,113707265,miRNA_primary_transcript,mmu-mir-7042,+,protein-coding gene,14033.0
chr6,115774556,115805555,115774610,115803864,+,Cand2,NM_025958.2,chr6,115775657,115775719,miRNA_primary_transcript,mmu-mir-7660,+,protein-coding gene,30999.0
chr6,125095979,125130591,125097165,125130001,+,Chd4,XM_017321296.2,chr6,125097024,125097086,miRNA_primary_transcript,mmu-mir-7045,+,protein-coding gene,34612.0
chr7,61705849,61927574,61927574,61927574,-,A230057D06Rik,NR_015533.2,chr7,61726249,61726328,miRNA_primary_transcript,mmu-mir-344d-3,-,non-coding gene,221725.0
chr7,61705849,61927574,61927574,61927574,-,A230057D06Rik,NR_015533.2,chr7,61735537,61735602,miRNA_primary_transcript,mmu-mir-344e,-,non-coding gene,221725.0
chr7,61705849,61927574,61927574,61927574,-,A230057D06Rik,NR_015533.2,chr7,61739350,61739409,miRNA_primary_transcript,mmu-mir-344h-1,-,non-coding gene,221725.0
chr7,61705849,61927574,61927574,61927574,-,A230057D06Rik,NR_015533.2,chr7,61742366,61742425,miRNA_primary_transcript,mmu-mir-344h-2,-,non-coding gene,221725.0
chr7,61705849,61927574,61927574,61927574,-,A230057D06Rik,NR_015533.2,chr7,61790519,61790581,miRNA_primary_transcript,mmu-mir-344b,-,non-coding gene,221725.0
chr7,61705849,61927574,61927574,61927574,-,A230057D06Rik,NR_015533.2,chr7,61837311,61837402,miRNA_primary_transcript,mmu-mir-344c,-,non-coding gene,221725.0
chr7,61705849,61927574,61927574,61927574,-,A230057D06Rik,NR_015533.2,chr7,61877770,61877864,miRNA_primary_transcript,mmu-mir-344-1,-,non-coding gene,221725.0
chr7,96171243,96911093,96550076,96906591,+,Tenm4,NM_001310762.1,chr7,96249424,96249532,miRNA_primary_transcript,mmu-mir-708,+,protein-coding gene,739850.0
chr7,96171243,96911093,96550076,96906591,+,Tenm4,NM_001310762.1,chr7,96305667,96305765,miRNA_primary_transcript,mmu-mir-6394,+,protein-coding gene,739850.0
chr7,6730558,6967220,6961138,6963769,+,Usp29,XM_017322419.2,chr7,6803587,6803670,miRNA_primary_transcript,mmu-mir-3099,+,protein-coding gene,236662.0
chr7,28558818,28576673,28559649,28568237,-,Pak4,XM_017312297.1,chr7,28560925,28560984,miRNA_primary_transcript,mmu-mir-7049,-,protein-coding gene,17855.0
chr7,29003339,29104651,29003457,29104560,-,Ryr1,XM_030242255.1,chr7,29083636,29083694,miRNA_primary_transcript,mmu-mir-1963,-,protein-coding gene,101312.0
chr7,64153834,64269772,64154031,64269130,+,Trpm1,NM_001039104.2,chr7,64205806,64205911,miRNA_primary_transcript,mmu-mir-211,+,protein-coding gene,115938.0
chr7,66258744,66388341,66259915,66381548,-,Lrrk1,NM_146191.3,chr7,66381667,66381724,miRNA_primary_transcript,mmu-mir-7057,-,protein-coding gene,129597.0
chr7,81523549,81531498,81531498,81531498,+,2900076A07Rik,NR_160675.1,chr7,81529916,81529988,miRNA_primary_transcript,mmu-mir-1839,+,non-coding gene,7949.0
chr7,100869745,100932161,100873399,100931739,-,Arhgef17,NM_001081116.1,chr7,100882306,100882409,miRNA_primary_transcript,mmu-mir-3102,-,protein-coding gene,62416.0
chr7,101421690,101512829,101421924,101511663,+,Pde2a,NM_001008548.4,chr7,101475376,101475443,miRNA_primary_transcript,mmu-mir-139,+,protein-coding gene,91139.0
chr7,135537823,135686294,135538063,135683306,+,Ptpre,NM_001316678.1,chr7,135566162,135566282,miRNA_primary_transcript,mmu-mir-1962,+,protein-coding gene,148471.0
chr7,139978931,139992562,139979476,139992471,-,Adam8,NM_007403.3,chr7,139986809,139986874,miRNA_primary_transcript,mmu-mir-7062,-,protein-coding gene,13631.0
chr7,143978076,144426043,144031263,144421135,+,Shank2,XM_006508520.4,chr7,144009254,144009338,miRNA_primary_transcript,mmu-mir-3105,+,protein-coding gene,447967.0
chr7,19083645,19093821,19083994,19093102,+,Dmpk,XM_006539519.4,chr7,19086828,19086892,miRNA_primary_transcript,mmu-mir-3100,+,protein-coding gene,10176.0
chr7,19176420,19206482,19176613,19206211,+,Eml2,XM_011250714.3,chr7,19181465,19181562,miRNA_primary_transcript,mmu-mir-330,+,protein-coding gene,30062.0
chr7,24969749,24972728,24969920,24972582,-,Rabac1,NM_010261.2,chr7,24970010,24970075,miRNA_primary_transcript,mmu-mir-7046,-,protein-coding gene,2979.0
chr7,24978166,25005913,24978547,25005760,-,Atp1a3,NM_001374627.1,chr7,24987604,24987667,miRNA_primary_transcript,mmu-mir-7047,-,protein-coding gene,27747.0
chr7,25199911,25220614,25203539,25219128,-,Dedd2,XM_030242926.1,chr7,25217668,25217725,miRNA_primary_transcript,mmu-mir-7048,-,protein-coding gene,20703.0
chr7,27168432,27178883,27172651,27178742,-,Rab4b,NM_029391.2,chr7,27176006,27176093,miRNA_primary_transcript,mmu-mir-3101,-,protein-coding gene,10451.0
chr7,29768551,29781419,29771370,29777564,+,Zfp84,NM_023750.2,chr7,29773294,29773376,miRNA_primary_transcript,mmu-mir-1964,+,protein-coding gene,12868.0
chr7,30588778,30590359,30590359,30590359,+,Gm32082,XR_003946734.1,chr7,30589380,30589437,miRNA_primary_transcript,mmu-mir-3569,+,non-coding gene,1581.0
chr7,31032722,31041839,31032968,31041457,-,Fxyd5,NM_001111073.2,chr7,31040258,31040317,miRNA_primary_transcript,mmu-mir-7050,-,protein-coding gene,9117.0
chr7,43444071,43457800,43444147,43457740,+,Etfb,NM_026695.3,chr7,43457497,43457569,miRNA_primary_transcript,mmu-mir-7051,+,protein-coding gene,13729.0
chr7,44467979,44471658,44468823,44471514,+,Josd2,NM_001205073.1,chr7,44470347,44470411,miRNA_primary_transcript,mmu-mir-7052,+,protein-coding gene,3679.0
chr7,44532743,44546027,44532788,44543436,-,Pold1,XM_030242220.1,chr7,44538106,44538178,miRNA_primary_transcript,mmu-mir-7053,-,protein-coding gene,13284.0
chr7,45002945,45016094,45003179,45013587,-,Scaf1,XM_006540821.4,chr7,45012426,45012487,miRNA_primary_transcript,mmu-mir-7054,-,protein-coding gene,13149.0
chr7,45163920,45176139,45164082,45175044,+,Slc17a7,NM_182993.2,chr7,45173303,45173361,miRNA_primary_transcript,mmu-mir-7055,+,protein-coding gene,12219.0
chr7,47077794,47133695,47078824,47112745,-,Ptpn5,XM_017322046.2,chr7,47083166,47083224,miRNA_primary_transcript,mmu-mir-7056,-,protein-coding gene,55901.0
chr7,99535146,99601185,99601185,99601185,+,Arrb1,XR_003946373.1,chr7,99552269,99552363,miRNA_primary_transcript,mmu-mir-326,+,non-coding gene,66039.0
chr7,126363826,126369568,126364202,126369250,-,Lat,NM_010689.3,chr7,126367971,126368045,miRNA_primary_transcript,mmu-mir-7058,-,protein-coding gene,5742.0
chr7,126571206,126583236,126572266,126583045,-,Cln3,NM_009907.4,chr7,126579474,126579532,miRNA_primary_transcript,mmu-mir-7059,-,protein-coding gene,12030.0
chr7,127478414,127491513,127479198,127490283,+,Fbrs,XM_006507348.4,chr7,127489251,127489387,miRNA_primary_transcript,mmu-mir-7060,+,protein-coding gene,13099.0
chr7,128271378,128289004,128272517,128288338,-,Rusf1,NM_001360882.1,chr7,128288369,128288435,miRNA_primary_transcript,mmu-mir-3103,-,protein-coding gene,17626.0
chr7,130860550,130913308,130877753,130911046,+,Plekha1,XM_017321904.2,chr7,130908268,130908335,miRNA_primary_transcript,mmu-mir-7061,+,protein-coding gene,52758.0
chr7,141562179,141633011,141562359,141631369,+,Ap2a2,NM_007459.3,chr7,141620701,141620791,miRNA_primary_transcript,mmu-mir-7063,+,protein-coding gene,70832.0
chr7,142650767,142657496,142653815,142655810,-,Igf2,NM_001122737.2,chr7,142654924,142654996,miRNA_primary_transcript,mmu-mir-483,-,protein-coding gene,6729.0
chr7,143557229,143600090,143557871,143600006,-,Cars,NM_013742.5,chr7,143570671,143570759,miRNA_primary_transcript,mmu-mir-7064,-,protein-coding gene,42861.0
chr8,15892537,17336810,15895716,17298716,-,Csmd1,XM_006508930.4,chr8,16168757,16168838,miRNA_primary_transcript,mmu-mir-3106,-,protein-coding gene,1444273.0
chr8,117257018,117461506,117257101,117459382,+,Cmip,NM_001163262.1,chr8,117453023,117453079,miRNA_primary_transcript,mmu-mir-7077,+,protein-coding gene,204488.0
chr8,117257018,117461506,117257101,117459382,+,Cmip,NM_001163262.1,chr8,117459265,117459328,miRNA_primary_transcript,mmu-mir-7078,+,protein-coding gene,204488.0
chr8,22974835,23150497,22975135,23141694,+,Ank1,NM_001277280.2,chr8,23142555,23142682,miRNA_primary_transcript,mmu-mir-486a,+,protein-coding gene,175662.0
chr8,37517839,38661700,37523261,38660763,-,Sgcz,XM_006509120.4,chr8,38252133,38252202,miRNA_primary_transcript,mmu-mir-383,-,protein-coding gene,1143861.0
chr8,13105622,13147940,13121743,13146627,+,Cul4a,NM_001363450.1,chr8,13136072,13136132,miRNA_primary_transcript,mmu-mir-7065,+,protein-coding gene,42318.0
chr8,85060118,85067121,85060127,85066664,+,Fbxw9,NM_026791.2,chr8,85062086,85062171,miRNA_primary_transcript,mmu-mir-7070,+,protein-coding gene,7003.0
chr8,94434334,94527268,94472762,94526075,+,Nlrc5,XM_011248428.2,chr8,94505046,94505105,miRNA_primary_transcript,mmu-mir-7072,+,protein-coding gene,92934.0
chr8,107069399,107096540,107071885,107096509,-,Terf2,XM_006530838.4,chr8,107096025,107096106,miRNA_primary_transcript,mmu-mir-7075,-,protein-coding gene,27141.0
chr8,107436333,107558597,107558597,107558597,+,Wwp2,XR_003947327.1,chr8,107551244,107551313,miRNA_primary_transcript,mmu-mir-140,+,non-coding gene,122264.0
chr8,108279310,108961584,108792247,108957102,+,Zfhx3,XM_030243257.1,chr8,108936860,108936938,miRNA_primary_transcript,mmu-mir-3108,+,protein-coding gene,682274.0
chr8,111003185,111027770,111008249,111027654,-,Ddx19b,NM_172284.5,chr8,111016450,111016530,miRNA_primary_transcript,mmu-mir-3473d,-,protein-coding gene,24585.0
chr8,120228500,120581377,120228771,120578603,+,Gse1,XM_006531147.4,chr8,120538696,120538754,miRNA_primary_transcript,mmu-mir-7687,+,protein-coding gene,352877.0
chr8,121950491,122029260,121974495,122025635,+,Banp,NM_001285983.1,chr8,121978024,121978086,miRNA_primary_transcript,mmu-mir-7237,+,protein-coding gene,78769.0
chr8,128204712,128358237,128358237,128358237,-,A930035F09Rik,XR_879381.3,chr8,128278148,128278225,miRNA_primary_transcript,mmu-mir-21c,-,non-coding gene,153525.0
chr8,13176868,13200624,13177052,13200527,-,Grtp1,NM_001368858.1,chr8,13189031,13189098,miRNA_primary_transcript,mmu-mir-1968,-,protein-coding gene,23756.0
chr8,23138788,23149703,23149703,23149703,-,Gm15816,NR_169137.1,chr8,23142573,23142662,miRNA_primary_transcript,mmu-mir-486b,-,non-coding gene,10915.0
chr8,70093084,70120844,70096319,70116661,-,Ncan,NM_007789.3,chr8,70102524,70102586,miRNA_primary_transcript,mmu-mir-7066,-,protein-coding gene,27760.0
chr8,70894721,70897443,70895414,70897376,-,Rpl18a,NM_029751.4,chr8,70895508,70895570,miRNA_primary_transcript,mmu-mir-7067,-,protein-coding gene,2722.0
chr8,72460482,72475233,72461314,72475082,-,Cherp,NM_001359024.1,chr8,72470016,72470089,miRNA_primary_transcript,mmu-mir-7068,-,protein-coding gene,14751.0
chr8,84063563,84095488,84073771,84095198,+,Rfx1,XM_030243362.1,chr8,84086099,84086186,miRNA_primary_transcript,mmu-mir-709,+,protein-coding gene,31925.0
chr8,84856968,84869257,84869257,84869257,+,Farsa,XR_387772.4,chr8,84867947,84868008,miRNA_primary_transcript,mmu-mir-7069,+,non-coding gene,12289.0
chr8,88137884,88171952,88138019,88170981,+,Heatr3,NM_172757.3,chr8,88138206,88138274,miRNA_primary_transcript,mmu-mir-7071,+,protein-coding gene,34068.0
chr8,95718930,95807445,95720406,95788731,-,Cnot1,NM_001372353.1,chr8,95753151,95753214,miRNA_primary_transcript,mmu-mir-7073,-,protein-coding gene,88515.0
chr8,105943589,105966115,105944081,105966039,-,Slc12a4,NM_001253804.1,chr8,105951637,105951699,miRNA_primary_transcript,mmu-mir-7074,-,protein-coding gene,22526.0
chr8,111686509,111691010,111686586,111690992,-,Ctrb1,NM_025583.2,chr8,111689601,111689674,miRNA_primary_transcript,mmu-mir-7076,-,protein-coding gene,4501.0
chr8,122619470,122622735,122619733,122622676,-,Pabpn1l,NM_001007462.1,chr8,122622265,122622375,miRNA_primary_transcript,mmu-mir-6396,-,protein-coding gene,3265.0
chr8,123102349,123105244,123102658,123105202,+,Rpl13,NM_016738.5,chr8,123104975,123105043,miRNA_primary_transcript,mmu-mir-7079,+,protein-coding gene,2895.0
chr8,123117312,123135185,123135185,123135185,+,Cpne7,XR_001778387.2,chr8,123130106,123130172,miRNA_primary_transcript,mmu-mir-7080,+,non-coding gene,17873.0
chr8,124021496,124048505,124023472,124047306,+,Urb2,NM_001368414.1,chr8,124022641,124022722,miRNA_primary_transcript,mmu-mir-1967,+,protein-coding gene,27009.0
chr9,112065090,112231176,112065764,112185734,-,Arpp21,NM_001362013.1,chr9,112118636,112118711,miRNA_primary_transcript,mmu-mir-128-2,-,protein-coding gene,166086.0
chr9,41376525,41590019,41590019,41590019,+,Mir100hg,NR_131928.1,chr9,41531425,41531504,miRNA_primary_transcript,mmu-mir-100,+,non-coding gene,213494.0
chr9,41376525,41590019,41590019,41590019,+,Mir100hg,NR_131928.1,chr9,41536716,41536811,miRNA_primary_transcript,mmu-let-7a-2,+,non-coding gene,213494.0
chr9,41376525,41590019,41590019,41590019,+,Mir100hg,NR_131928.1,chr9,41581926,41582002,miRNA_primary_transcript,mmu-mir-125b-1,+,non-coding gene,213494.0
chr9,67217084,67559703,67221389,67397647,-,Tln2,NM_001081242.2,chr9,67236660,67236726,miRNA_primary_transcript,mmu-mir-190a,-,protein-coding gene,342619.0
chr9,69453682,69491785,69464476,69491505,+,Anxa2,NM_007585.3,chr9,69456944,69457031,miRNA_primary_transcript,mmu-mir-3109,+,protein-coding gene,38103.0
chr9,94669556,95230453,95230453,95230453,+,Slc9a9,XR_003947936.1,chr9,94751829,94751890,miRNA_primary_transcript,mmu-mir-7656,+,non-coding gene,560897.0
chr9,101922127,102354693,101923485,102354339,-,Ephb1,NM_173447.3,chr9,102304924,102304975,miRNA_primary_transcript,mmu-mir-7243,-,protein-coding gene,432566.0
chr9,118926535,119044119,118926861,119040649,+,Ctdspl,NM_133710.3,chr9,119031796,119031885,miRNA_primary_transcript,mmu-mir-26a-1,+,protein-coding gene,117584.0
chr9,122175873,122294423,122176412,122275649,-,Ano10,NM_133979.3,chr9,122273890,122274028,miRNA_primary_transcript,mmu-mir-8106,-,protein-coding gene,118550.0
chr9,7764076,7794333,7764221,7792195,+,Tmem123,NM_133739.2,chr9,7784390,7784440,miRNA_primary_transcript,mmu-mir-5618,+,protein-coding gene,30257.0
chr9,20907205,20952623,20907520,20941454,-,Dnmt1,NM_001199433.1,chr9,20914090,20914164,miRNA_primary_transcript,mmu-mir-7081,-,protein-coding gene,45418.0
chr9,21800179,21852635,21800356,21852588,-,Dock6,NM_177030.3,chr9,21809941,21810000,miRNA_primary_transcript,mmu-mir-7083,-,protein-coding gene,52456.0
chr9,44396945,44402966,44398473,44402468,+,Slc37a4,NM_001293631.2,chr9,44400423,44400488,miRNA_primary_transcript,mmu-mir-7085,+,protein-coding gene,6021.0
chr9,45253836,45269149,45255529,45269072,-,Il10ra,NM_008348.3,chr9,45266643,45266707,miRNA_primary_transcript,mmu-mir-7086,-,protein-coding gene,15313.0
chr9,45937856,45955249,45939253,45954906,-,Sidt2,NM_001359653.1,chr9,45939521,45939590,miRNA_primary_transcript,mmu-mir-7087,-,protein-coding gene,17393.0
chr9,51081309,51105834,51081472,51101970,-,Hoatz,XM_030244326.1,chr9,51103034,51103110,miRNA_primary_transcript,mmu-mir-34c,-,protein-coding gene,24525.0
chr9,54698847,54716315,54716315,54716315,+,Dnaja4,XR_001778951.2,chr9,54708313,54708381,miRNA_primary_transcript,mmu-mir-5710,+,non-coding gene,17468.0
chr9,106170924,106191122,106184185,106188625,+,Wdr82,XM_030244715.1,chr9,106178840,106178927,miRNA_primary_transcript,mmu-let-7g,+,protein-coding gene,20198.0
chr9,108080408,108083692,108080478,108083609,+,Mst1,XM_006511639.4,chr9,108081498,108081583,miRNA_primary_transcript,mmu-mir-7088,+,protein-coding gene,3284.0
chr9,109875517,109893342,109875989,109892219,+,Cdc25a,XM_006511931.4,chr9,109889643,109889710,miRNA_primary_transcript,mmu-mir-7089,+,protein-coding gene,17825.0
chr9,120933399,120960507,120950220,120959517,+,Ctnnb1,NM_007614.3,chr9,120955086,120955147,miRNA_primary_transcript,mmu-mir-7090,+,protein-coding gene,27108.0
chrX,52272425,52613974,52272784,52613804,-,Gpc3,NM_016697.3,chrX,52378121,52378181,miRNA_primary_transcript,mmu-mir-6384,-,protein-coding gene,341549.0
chrX,52272425,52613974,52272784,52613804,-,Gpc3,NM_016697.3,chrX,52422407,52422515,miRNA_primary_transcript,mmu-mir-717,-,protein-coding gene,341549.0
chrX,144688208,145122414,145119583,145120498,+,Rtl4,XM_011247866.2,chrX,145039344,145039414,miRNA_primary_transcript,mmu-mir-3472,+,protein-coding gene,434206.0
chrX,7153809,7276899,7159728,7276611,-,Clcn5,XM_011247446.3,chrX,7237683,7237774,miRNA_primary_transcript,mmu-mir-500,-,protein-coding gene,123090.0
chrX,7153809,7276899,7159728,7276611,-,Clcn5,XM_011247446.3,chrX,7241243,7241351,miRNA_primary_transcript,mmu-mir-501,-,protein-coding gene,123090.0
chrX,7153809,7276899,7159728,7276611,-,Clcn5,XM_011247446.3,chrX,7241982,7242046,miRNA_primary_transcript,mmu-mir-362,-,protein-coding gene,123090.0
chrX,7153809,7276899,7159728,7276611,-,Clcn5,XM_011247446.3,chrX,7247989,7248056,miRNA_primary_transcript,mmu-mir-188,-,protein-coding gene,123090.0
chrX,7153809,7276899,7159728,7276611,-,Clcn5,XM_011247446.3,chrX,7248402,7248497,miRNA_primary_transcript,mmu-mir-532,-,protein-coding gene,123090.0
chrX,59062138,59140593,59063532,59135188,-,Fgf13,XM_006527799.3,chrX,59097658,59097736,miRNA_primary_transcript,mmu-mir-504,-,protein-coding gene,78455.0
chrX,60223282,60404005,60229923,60403831,-,Atp11c,NM_001359002.1,chrX,60394403,60394492,miRNA_primary_transcript,mmu-mir-505,-,protein-coding gene,180723.0
chrX,72432675,72656246,72434648,72552816,-,Gabra3,NM_001358103.1,chrX,72589988,72590094,miRNA_primary_transcript,mmu-mir-767,-,protein-coding gene,223571.0
chrX,72432675,72656246,72434648,72552816,-,Gabra3,NM_001358103.1,chrX,72591500,72591579,miRNA_primary_transcript,mmu-mir-105,-,protein-coding gene,223571.0
chrX,72987251,73031519,72997078,73028943,+,Zfp185,XM_006527963.4,chrX,72992079,72992144,miRNA_primary_transcript,mmu-mir-2137,+,protein-coding gene,44268.0
chrX,74313032,74320149,74313214,74319968,+,Fam50a,NM_138607.3,chrX,74317362,74317429,miRNA_primary_transcript,mmu-mir-7092,+,protein-coding gene,7117.0
chrX,99975605,100400760,99975780,100397156,+,Eda,NM_001177941.1,chrX,100381097,100381185,miRNA_primary_transcript,mmu-mir-676,+,protein-coding gene,425155.0
chrX,105372993,105391754,105391754,105391754,-,5330434G04Rik,NR_015552.2,chrX,105379082,105379179,miRNA_primary_transcript,mmu-mir-325,-,non-coding gene,18761.0
chrX,113040591,113185411,113043443,113139430,-,Chm,XM_006528382.4,chrX,113074824,113074893,miRNA_primary_transcript,mmu-mir-361,-,protein-coding gene,144820.0
chrX,140277122,140435467,140362151,140433612,+,Frmpd3,XM_017318501.2,chrX,140310948,140311012,miRNA_primary_transcript,mmu-mir-3475,+,protein-coding gene,158345.0
chrX,142680346,142838371,142770973,142834391,+,Tmem164,NM_001358725.1,chrX,142739000,142739097,miRNA_primary_transcript,mmu-mir-652,+,protein-coding gene,158025.0
chrX,146962463,147197277,147169620,147194595,+,Htr2c,XM_030251228.1,chrX,147002259,147002366,miRNA_primary_transcript,mmu-mir-764,+,protein-coding gene,234814.0
chrX,146962463,147197277,147169620,147194595,+,Htr2c,XM_030251228.1,chrX,147009441,147009527,miRNA_primary_transcript,mmu-mir-1912,+,protein-coding gene,234814.0
chrX,146962463,147197277,147169620,147194595,+,Htr2c,XM_030251228.1,chrX,147010601,147010686,miRNA_primary_transcript,mmu-mir-1264,+,protein-coding gene,234814.0
chrX,146962463,147197277,147169620,147194595,+,Htr2c,XM_030251228.1,chrX,147064905,147065002,miRNA_primary_transcript,mmu-mir-1298,+,protein-coding gene,234814.0
chrX,146962463,147197277,147169620,147194595,+,Htr2c,XM_030251228.1,chrX,147158210,147158321,miRNA_primary_transcript,mmu-mir-448,+,protein-coding gene,234814.0
chrX,151800784,151934897,151835247,151934383,+,Huwe1,XM_030251456.1,chrX,151912346,151912428,miRNA_primary_transcript,mmu-let-7f-2,+,protein-coding gene,134113.0
chrX,151800784,151934897,151835247,151934383,+,Huwe1,XM_030251456.1,chrX,151913214,151913321,miRNA_primary_transcript,mmu-mir-98,+,protein-coding gene,134113.0
chrX,7789960,7820563,7790026,7819531,+,Gripap1,XM_030251400.1,chrX,7807101,7807221,miRNA_primary_transcript,mmu-mir-1198,+,protein-coding gene,30603.0
chrX,20860510,20920918,20861473,20920789,-,Syn1,NM_013680.4,chrX,20863126,20863182,miRNA_primary_transcript,mmu-mir-5617,-,protein-coding gene,60408.0
chrX,72256925,72274828,72257451,72274701,-,Gabre,XM_011247523.2,chrX,72261031,72261112,miRNA_primary_transcript,mmu-mir-224,-,protein-coding gene,17903.0
chrX,72256925,72274828,72257451,72274701,-,Gabre,XM_011247523.2,chrX,72262224,72262308,miRNA_primary_transcript,mmu-mir-452,-,protein-coding gene,17903.0
chrX,74273216,74281626,74273568,74277176,-,Dnase1l1,NM_027109.3,chrX,74274027,74274105,miRNA_primary_transcript,mmu-mir-7091,-,protein-coding gene,8410.0
chrX,103560909,103623754,103623754,103623754,-,Ftx,NR_028381.1,chrX,103572921,103572996,miRNA_primary_transcript,mmu-mir-421,-,non-coding gene,62845.0
chrX,103560909,103623754,103623754,103623754,-,Ftx,NR_028381.1,chrX,103573060,103573154,miRNA_primary_transcript,mmu-mir-374b,-,non-coding gene,62845.0
chrX,104076760,104201181,104083189,104088959,-,Nexmif,XM_006528034.4,chrX,104116175,104116274,miRNA_primary_transcript,mmu-mir-672,-,protein-coding gene,124421.0
chrX,134756551,134761456,134758592,134759732,+,Armcx3,NM_027870.4,chrX,134757631,134757731,miRNA_primary_transcript,mmu-mir-7093,+,protein-coding gene,4905.0
chrX,162856842,162888462,162857883,162888285,-,Syap1,NM_025932.2,chrX,162874918,162874995,miRNA_primary_transcript,mmu-mir-3473a,-,protein-coding gene,31620.0
chr10,101681486,102391469,102378157,102389363,+,Mgat4c,NM_001205098.1,chr10,101772692,101772772,miRNA_primary_transcript,mmu-mir-3059,+,protein-coding gene,709983.0
chr10,7832322,7870397,7839834,7868069,+,Zc3h12d,XM_006512724.2,chr10,7836381,7836474,miRNA_primary_transcript,mmu-mir-5104,+,protein-coding gene,38075.0
chr10,24869985,24913529,24870098,24912827,+,Med23,NM_027347.3,chr10,24910664,24910733,miRNA_primary_transcript,mmu-mir-6905,+,protein-coding gene,43544.0
chr10,44268330,44363644,44286089,44363052,+,Atg5,XM_011243108.3,chr10,44359676,44359768,miRNA_primary_transcript,mmu-mir-1929,+,protein-coding gene,95314.0
chr10,80602881,80615783,80608843,80614783,+,Scamp4,NM_019575.4,chr10,80609260,80609329,miRNA_primary_transcript,mmu-mir-6912,+,protein-coding gene,12902.0
chr10,92081745,92165178,92165178,92165178,-,Rmst,NR_028262.1,chr10,92137140,92137223,miRNA_primary_transcript,mmu-mir-1251,-,non-coding gene,83433.0
chr10,93160875,93241342,93208200,93239625,+,Cdk17,NM_146239.2,chr10,93162785,93162903,miRNA_primary_transcript,mmu-mir-1931,+,protein-coding gene,80467.0
chr10,95547006,95564146,95549287,95563757,-,Nudt4,NM_001358996.1,chr10,95559231,95559321,miRNA_primary_transcript,mmu-mir-3058,-,protein-coding gene,17140.0
chr10,120361267,120476469,120364288,120476063,-,Hmga2,NM_001347170.1,chr10,120447991,120448110,miRNA_primary_transcript,mmu-mir-763,-,protein-coding gene,115202.0
chr10,128567522,128589635,128569367,128589501,-,Erbb3,NM_010153.2,chr10,128584437,128584497,miRNA_primary_transcript,mmu-mir-6917,-,protein-coding gene,22113.0
chr10,22703876,22731447,22705815,22712048,-,Tbpl1,NM_011603.5,chr10,22729372,22729432,miRNA_primary_transcript,mmu-mir-7663,-,protein-coding gene,27571.0
chr10,60106256,60133914,60106467,60131481,+,Spock2,NM_052994.2,chr10,60126776,60126833,miRNA_primary_transcript,mmu-mir-6906,+,protein-coding gene,27658.0
chr10,77622320,77645990,77622373,77644559,+,Ube2g2,NM_019803.3,chr10,77641224,77641307,miRNA_primary_transcript,mmu-mir-1930,+,protein-coding gene,23670.0
chr10,78269173,78351860,78273686,78288024,-,Agpat3,XM_006513718.1,chr10,78340150,78340207,miRNA_primary_transcript,mmu-mir-7659,-,protein-coding gene,82687.0
chr10,78400361,78413043,78400793,78412952,-,Rrp1,NM_010925.2,chr10,78408475,78408545,miRNA_primary_transcript,mmu-mir-6907,-,protein-coding gene,12682.0
chr10,78436746,78464948,78440800,78464847,-,Pdxk,NM_172134.2,chr10,78445095,78445157,miRNA_primary_transcript,mmu-mir-6908,-,protein-coding gene,28202.0
chr10,79526423,79533787,79527131,79533675,-,Plpp2,NM_015817.3,chr10,79531029,79531090,miRNA_primary_transcript,mmu-mir-6909,-,protein-coding gene,7364.0
chr10,79854431,79864435,79854713,79863277,+,Ptbp1,NM_001283013.1,chr10,79862587,79862652,miRNA_primary_transcript,mmu-mir-6910,+,protein-coding gene,10004.0
chr10,80261361,80288408,80261570,80287711,+,Dazap1,XM_030245259.1,chr10,80278164,80278232,miRNA_primary_transcript,mmu-mir-6911,+,protein-coding gene,27047.0
chr10,80826655,80829290,80826759,80829004,+,Oaz1,NM_001301034.1,chr10,80828797,80828870,miRNA_primary_transcript,mmu-mir-1982,+,protein-coding gene,2635.0
chr10,81384433,81388352,81385773,81388023,+,Dohh,NM_133964.3,chr10,81386347,81386412,miRNA_primary_transcript,mmu-mir-6913,+,protein-coding gene,3919.0
chr10,81396190,81427173,81403377,81427105,-,Nfic,NM_008688.3,chr10,81416240,81416297,miRNA_primary_transcript,mmu-mir-1191b,-,protein-coding gene,30983.0
chr10,128083306,128090388,128083326,128090119,+,Atp5b,NM_016774.3,chr10,128085286,128085363,miRNA_primary_transcript,mmu-mir-677,+,protein-coding gene,7082.0
chr10,128377123,128394006,128377222,128390721,+,Ankrd52,NM_172790.2,chr10,128388832,128388900,miRNA_primary_transcript,mmu-mir-6915,+,protein-coding gene,16883.0
chr10,128510247,128525859,128510619,128525823,-,Esyt1,NM_011843.2,chr10,128511968,128512030,miRNA_primary_transcript,mmu-mir-6916,-,protein-coding gene,15612.0
chr11,35121455,35708507,35121514,35708142,+,Slit3,NM_011412.3,chr11,35616816,35616925,miRNA_primary_transcript,mmu-mir-218-2,+,protein-coding gene,587052.0
chr11,46054501,46147347,46054506,46143845,+,Adam19,NM_001291890.1,chr11,46102270,46102390,miRNA_primary_transcript,mmu-mir-8100,+,protein-coding gene,92846.0
chr11,21321125,21370629,21322021,21370205,-,Ugp2,NM_139297.6,chr11,21344588,21344675,miRNA_primary_transcript,mmu-mir-1933,-,protein-coding gene,49504.0
chr11,35769494,35791285,35769919,35785458,+,Pank3,NM_145962.2,chr11,35782396,35782481,miRNA_primary_transcript,mmu-mir-103-1,+,protein-coding gene,21791.0
chr11,50025330,50104759,50025400,50104553,+,Rnf130,NM_001290749.1,chr11,50069702,50069799,miRNA_primary_transcript,mmu-mir-340,+,protein-coding gene,79429.0
chr11,77044291,77078437,77045739,77078398,-,Nsrp1,NM_001012309.2,chr11,77078064,77078172,miRNA_primary_transcript,mmu-mir-423,-,protein-coding gene,34146.0
chr11,77462320,77470484,77463912,77469501,+,Coro6,XM_030245832.1,chr11,77467518,77467574,miRNA_primary_transcript,mmu-mir-12181,+,protein-coding gene,8164.0
chr11,96307100,96347930,96344248,96346399,+,Hoxb3,XM_006532290.4,chr11,96317165,96317274,miRNA_primary_transcript,mmu-mir-10a,+,protein-coding gene,40830.0
chr11,101009421,101063719,101011820,101062405,+,Atp6v0a1,XM_030245492.1,chr11,101030340,101030409,miRNA_primary_transcript,mmu-mir-6928,+,protein-coding gene,54298.0
chr11,107546962,107687034,107574955,107686719,+,Helz,XM_006534506.4,chr11,107637722,107637779,miRNA_primary_transcript,mmu-mir-6932,+,protein-coding gene,140072.0
chr11,119143042,119228499,119147567,119210682,-,Tbc1d16,NM_172443.3,chr11,119154076,119154137,miRNA_primary_transcript,mmu-mir-6934,-,protein-coding gene,85457.0
chr11,121356120,121388251,121357036,121388142,-,Rab40b,NM_139147.3,chr11,121387145,121387204,miRNA_primary_transcript,mmu-mir-7236,-,protein-coding gene,32131.0
chr11,4135156,4141177,4141177,4141177,+,Rnf215,XR_380981.3,chr11,4139364,4139446,miRNA_primary_transcript,mmu-mir-3060,+,non-coding gene,6021.0
chr11,4873950,4894201,4874005,4893184,+,Nipsnap1,NM_008698.3,chr11,4891345,4891402,miRNA_primary_transcript,mmu-mir-6918,+,protein-coding gene,20251.0
chr11,6388798,6406154,6395628,6405097,+,Zmiz2,XM_030246146.1,chr11,6401630,6401693,miRNA_primary_transcript,mmu-mir-7651,+,protein-coding gene,17356.0
chr11,28730632,28751781,28751781,28751781,+,Mir217hg,XR_381119.3,chr11,28746191,28746276,miRNA_primary_transcript,mmu-mir-216b,+,non-coding gene,21149.0
chr11,28754077,28772168,28772168,28772168,+,Gm40818,XR_872324.1,chr11,28757012,28757083,miRNA_primary_transcript,mmu-mir-216a,+,non-coding gene,18091.0
chr11,28754077,28772168,28772168,28772168,+,Gm40818,XR_872324.1,chr11,28763728,28763835,miRNA_primary_transcript,mmu-mir-217,+,non-coding gene,18091.0
chr11,46166002,46193869,46193869,46193869,+,Gm35624,XR_001780199.2,chr11,46170087,46170143,miRNA_primary_transcript,mmu-mir-7239,+,non-coding gene,27867.0
chr11,50225334,50235103,50225642,50234629,+,Mgat4b,NM_145926.3,chr11,50232245,50232306,miRNA_primary_transcript,mmu-mir-6919,+,protein-coding gene,9769.0
chr11,53350639,53421236,53368663,53415515,+,Aff4,XM_030246443.1,chr11,53409197,53409267,miRNA_primary_transcript,mmu-mir-6920,+,protein-coding gene,70597.0
chr11,60199083,60210471,60199921,60210354,-,Srebf1,NM_001358314.1,chr11,60200538,60200617,miRNA_primary_transcript,mmu-mir-6921,-,protein-coding gene,11388.0
chr11,60199083,60210471,60199921,60210354,-,Srebf1,NM_001358314.1,chr11,60202262,60202327,miRNA_primary_transcript,mmu-mir-6922,-,protein-coding gene,11388.0
chr11,60728397,60732951,60730288,60731970,+,Mief2,NM_001009927.2,chr11,60728663,60728726,miRNA_primary_transcript,mmu-mir-5100,+,protein-coding gene,4554.0
chr11,65688243,65745856,65690690,65735230,-,Map2k4,NM_001362739.1,chr11,65734733,65734832,miRNA_primary_transcript,mmu-mir-744,-,protein-coding gene,57613.0
chr11,67078272,67102291,67079998,67102166,+,Myh3,XM_006532412.1,chr11,67099804,67099875,miRNA_primary_transcript,mmu-mir-6923,+,protein-coding gene,24019.0
chr11,69881565,69895561,69881624,69889468,-,Acap1,XM_030245827.1,chr11,69882032,69882094,miRNA_primary_transcript,mmu-mir-6924,-,protein-coding gene,13996.0
chr11,70432484,70440823,70440823,70440823,+,Arrb2,XR_003949383.1,chr11,70438255,70438318,miRNA_primary_transcript,mmu-mir-7115,+,non-coding gene,8339.0
chr11,74849261,74897211,74897211,74897211,-,Sgsm2,XR_001780082.2,chr11,74868127,74868194,miRNA_primary_transcript,mmu-mir-6926,-,non-coding gene,47950.0
chr11,75529914,75572476,75532628,75572476,+,Slc43a2,XM_006532825.4,chr11,75551429,75551511,miRNA_primary_transcript,mmu-mir-3971,+,protein-coding gene,42562.0
chr11,82974315,82991812,82981175,82988301,-,Slfn9,XM_006533235.4,chr11,82985003,82985065,miRNA_primary_transcript,mmu-mir-7679,-,protein-coding gene,17497.0
chr11,87109260,87122974,87109271,87121999,+,Ska2,NM_025377.3,chr11,87113004,87113089,miRNA_primary_transcript,mmu-mir-301a,+,protein-coding gene,13714.0
chr11,96849875,96861203,96849894,96860910,+,Copz2,NM_019877.2,chr11,96850393,96850465,miRNA_primary_transcript,mmu-mir-152,+,protein-coding gene,11328.0
chr11,97050632,97068904,97050652,97068050,+,Osbpl7,XM_011249264.2,chr11,97063768,97063874,miRNA_primary_transcript,mmu-mir-8103,+,protein-coding gene,18272.0
chr11,97136172,97150075,97137546,97149586,-,Tbkbp1,NM_001372531.1,chr11,97146364,97146419,miRNA_primary_transcript,mmu-mir-7235,-,protein-coding gene,13903.0
chr11,97663121,97685461,97663571,97681553,+,Mllt6,XM_006533335.3,chr11,97677060,97677130,miRNA_primary_transcript,mmu-mir-6927,+,protein-coding gene,22340.0
chr11,100476351,100528000,100477243,100523598,-,Acly,NM_001199296.1,chr11,100478411,100478480,miRNA_primary_transcript,mmu-mir-7116,-,protein-coding gene,51649.0
chr11,101418807,101425013,101419168,101424222,-,Ptges3l,XM_006534346.4,chr11,101419187,101419253,miRNA_primary_transcript,mmu-mir-6929,-,protein-coding gene,6206.0
chr11,102402968,102407517,102403419,102406639,-,Slc25a39,NM_026542.3,chr11,102404920,102404987,miRNA_primary_transcript,mmu-mir-6930,-,protein-coding gene,4549.0
chr11,106780354,106788907,106781849,106788316,-,Ddx5,NM_001355676.1,chr11,106782693,106782759,miRNA_primary_transcript,mmu-mir-3064,-,protein-coding gene,8553.0
chr11,115765418,115799033,115777353,115798347,+,Tmem94,XM_030246339.1,chr11,115795824,115795886,miRNA_primary_transcript,mmu-mir-5621,+,protein-coding gene,33615.0
chr11,117076782,117078955,117078955,117078955,+,Snhg20,NR_027059.1,chr11,117077348,117077457,miRNA_primary_transcript,mmu-mir-6516,+,non-coding gene,2173.0
chr11,117986296,118024011,118024011,118024011,+,Pgs1,XR_388542.1,chr11,118002270,118002350,miRNA_primary_transcript,mmu-mir-6933,+,non-coding gene,37715.0
chr11,120007310,120015571,120009215,120012725,-,Aatk,XM_006531995.1,chr11,120014765,120014862,miRNA_primary_transcript,mmu-mir-338,-,protein-coding gene,8261.0
chr11,120345686,120348495,120346389,120347346,-,Actg1,NM_001313923.1,chr11,120347350,120347413,miRNA_primary_transcript,mmu-mir-6935,-,protein-coding gene,2809.0
chr11,120618370,120625014,120619148,120624972,-,Sirt7,NM_001363439.1,chr11,120624823,120624876,miRNA_primary_transcript,mmu-mir-6936,-,protein-coding gene,6644.0
chr12,11265885,11319785,11282392,11317884,+,Smc6,NM_001324476.1,chr12,11299887,11299944,miRNA_primary_transcript,mmu-mir-7675,+,protein-coding gene,53900.0
chr12,81026807,81186414,81027062,81184565,+,Smoc1,NM_022316.2,chr12,81166151,81166234,miRNA_primary_transcript,mmu-mir-3067,+,protein-coding gene,159607.0
chr12,100911518,101029351,101029351,101029351,-,Ccdc88c,XR_381542.4,chr12,101021673,101021768,miRNA_primary_transcript,mmu-mir-1190,-,non-coding gene,117833.0
chr12,102568582,102704869,102570125,102704816,-,Itpk1,NM_172584.3,chr12,102684928,102685020,miRNA_primary_transcript,mmu-mir-1936,-,protein-coding gene,136287.0
chr12,108554680,108688516,108605988,108688066,+,Evl,XM_006515470.2,chr12,108658620,108658718,miRNA_primary_transcript,mmu-mir-342,+,protein-coding gene,133836.0
chr12,112721513,112746592,112724650,112744912,+,Cep170b,XM_006515766.4,chr12,112733322,112733391,miRNA_primary_transcript,mmu-mir-6940,+,protein-coding gene,25079.0
chr12,116485694,117277501,116485864,117276630,+,Ptprn2,XM_011244019.3,chr12,117250817,117250885,miRNA_primary_transcript,mmu-mir-153,+,protein-coding gene,791807.0
chr12,15791724,15816884,15793607,15815500,-,Trib2,XM_006515054.2,chr12,15800994,15801101,miRNA_primary_transcript,mmu-mir-6387,-,protein-coding gene,25160.0
chr12,17348420,17430094,17352678,17429234,+,Nol10,XM_017315015.2,chr12,17355392,17355474,miRNA_primary_transcript,mmu-mir-3066,+,protein-coding gene,81674.0
chr12,28675206,28682175,28675252,28681085,+,Adi1,NM_134052.2,chr12,28679325,28679389,miRNA_primary_transcript,mmu-mir-6937,+,protein-coding gene,6969.0
chr12,40203128,40223189,40203361,40222956,-,Ifrd1,NM_013562.2,chr12,40222712,40222811,miRNA_primary_transcript,mmu-mir-1938,-,protein-coding gene,20061.0
chr12,69745166,69790464,69747302,69790240,-,Cdkl1,XM_011244177.3,chr12,69763835,69763944,miRNA_primary_transcript,mmu-mir-681,-,protein-coding gene,45298.0
chr12,85234465,85270591,85235621,85269410,-,Mlh3,NM_001304475.1,chr12,85245923,85245985,miRNA_primary_transcript,mmu-mir-6938,-,protein-coding gene,36126.0
chr12,87428076,87443839,87428840,87443824,-,Alkbh1,NM_001102565.1,chr12,87437679,87437757,miRNA_primary_transcript,mmu-mir-3068,-,protein-coding gene,15763.0
chr12,109603944,109661716,109661716,109661716,+,Rian,NR_028261.1,chr12,109611500,109611595,miRNA_primary_transcript,mmu-mir-341,+,non-coding gene,57772.0
chr12,109603944,109661716,109661716,109661716,+,Rian,NR_028261.1,chr12,109611822,109611941,miRNA_primary_transcript,mmu-mir-1188,+,non-coding gene,57772.0
chr12,109603944,109661716,109661716,109661716,+,Rian,NR_028261.1,chr12,109618258,109618336,miRNA_primary_transcript,mmu-mir-370,+,non-coding gene,57772.0
chr12,109734980,109749458,109749458,109749458,+,Mirg,NR_028265.1,chr12,109735619,109735700,miRNA_primary_transcript,mmu-mir-453,+,non-coding gene,14478.0
chr12,109734980,109749458,109749458,109749458,+,Mirg,NR_028265.1,chr12,109738433,109738498,miRNA_primary_transcript,mmu-mir-154,+,non-coding gene,14478.0
chr12,109734980,109749458,109749458,109749458,+,Mirg,NR_028265.1,chr12,109739119,109739197,miRNA_primary_transcript,mmu-mir-496a,+,non-coding gene,14478.0
chr12,109734980,109749458,109749458,109749458,+,Mirg,NR_028265.1,chr12,109740510,109740577,miRNA_primary_transcript,mmu-mir-377,+,non-coding gene,14478.0
chr12,109734980,109749458,109749458,109749458,+,Mirg,NR_028265.1,chr12,109742409,109742498,miRNA_primary_transcript,mmu-mir-541,+,non-coding gene,14478.0
chr12,109734980,109749458,109749458,109749458,+,Mirg,NR_028265.1,chr12,109743158,109743236,miRNA_primary_transcript,mmu-mir-409,+,non-coding gene,14478.0
chr12,109734980,109749458,109749458,109749458,+,Mirg,NR_028265.1,chr12,109743418,109743496,miRNA_primary_transcript,mmu-mir-369,+,non-coding gene,14478.0
chr12,109734980,109749458,109749458,109749458,+,Mirg,NR_028265.1,chr12,109747878,109747960,miRNA_primary_transcript,mmu-mir-3072,+,non-coding gene,14478.0
chr12,112106682,112127573,112106891,112126745,+,Aspg,NM_001081169.1,chr12,112109238,112109322,miRNA_primary_transcript,mmu-mir-3073a,+,protein-coding gene,20891.0
chr12,112653820,112674276,112654697,112671561,-,Akt1,NM_009652.3,chr12,112659277,112659351,miRNA_primary_transcript,mmu-mir-6939,-,protein-coding gene,20456.0
chr13,108654176,109955969,108860165,109951344,+,Pde4d,NM_011056.3,chr13,109324744,109324824,miRNA_primary_transcript,mmu-mir-582,+,protein-coding gene,1301793.0
chr13,108654176,109955969,108860165,109951344,+,Pde4d,NM_011056.3,chr13,109903809,109903888,miRNA_primary_transcript,mmu-mir-1904,+,protein-coding gene,1301793.0
chr13,40859767,40960892,40860354,40958342,+,Gcnt2,NM_023887.4,chr13,40865791,40865862,miRNA_primary_transcript,mmu-mir-5124a,+,protein-coding gene,101125.0
chr13,28460033,28885422,28885422,28885422,-,2610307P16Rik,NR_045053.1,chr13,28710781,28710873,miRNA_primary_transcript,mmu-mir-6368,-,non-coding gene,425389.0
chr13,58000225,58113682,58005175,58095133,-,Klhl3,XM_006517013.4,chr13,58023125,58023200,miRNA_primary_transcript,mmu-mir-874,-,protein-coding gene,113457.0
chr13,93771678,93943016,93771777,93940731,+,Arsb,NM_009712.3,chr13,93790777,93790837,miRNA_primary_transcript,mmu-mir-5624,+,protein-coding gene,171338.0
chr13,113034989,113121019,113035378,113120322,+,Cdc20b,XM_006517655.3,chr13,113035983,113036091,miRNA_primary_transcript,mmu-mir-449c,+,protein-coding gene,86030.0
chr13,113034989,113121019,113035378,113120322,+,Cdc20b,XM_006517655.3,chr13,113037419,113037498,miRNA_primary_transcript,mmu-mir-449b,+,protein-coding gene,86030.0
chr13,113034989,113121019,113035378,113120322,+,Cdc20b,XM_006517655.3,chr13,113037534,113037624,miRNA_primary_transcript,mmu-mir-449a,+,protein-coding gene,86030.0
chr13,21387003,21402728,21387798,21396516,-,Zkscan3,XM_006516789.4,chr13,21396578,21396638,miRNA_primary_transcript,mmu-mir-6942,-,protein-coding gene,15725.0
chr13,55445071,55460927,55449351,55459874,+,Grk6,NM_001286063.1,chr13,55453106,55453171,miRNA_primary_transcript,mmu-mir-6943,+,protein-coding gene,15856.0
chr13,55473427,55488076,55474222,55487948,-,Dbn1,NM_001177371.1,chr13,55477681,55477776,miRNA_primary_transcript,mmu-mir-6944,-,protein-coding gene,14649.0
chr13,55497486,55513446,55498647,55512407,-,Pdlim7,NM_001114088.2,chr13,55507625,55507692,miRNA_primary_transcript,mmu-mir-6945,-,protein-coding gene,15960.0
chr13,58391131,58402169,58392442,58400390,-,Hnrnpk,NM_001301343.1,chr13,58392779,58392886,miRNA_primary_transcript,mmu-mir-7a-1,-,protein-coding gene,11038.0
chr14,62837660,62961509,62885865,62956309,+,Wdfy2,XM_006519064.2,chr14,62865542,62865651,miRNA_primary_transcript,mmu-mir-6541,+,protein-coding gene,123849.0
chr14,118482691,118676931,118484332,118669052,-,Abcc4,NM_001163675.1,chr14,118592369,118592472,miRNA_primary_transcript,mmu-mir-6391,-,protein-coding gene,194240.0
chr14,25457874,25666743,25572068,25663047,+,Zmiz1,XM_006519134.4,chr14,25534439,25534523,miRNA_primary_transcript,mmu-mir-3075,+,protein-coding gene,208869.0
chr14,34820002,35583387,34820227,35570083,+,Grid1,XM_011244962.3,chr14,34894609,34894706,miRNA_primary_transcript,mmu-mir-346,+,protein-coding gene,763385.0
chr14,54642160,54686893,54642727,54686780,-,Acin1,XM_006519296.2,chr14,54643049,54643110,miRNA_primary_transcript,mmu-mir-6948,-,protein-coding gene,44733.0
chr14,57798188,57804980,57798225,57802078,+,Sap18,NM_009119.3,chr14,57798424,57798487,miRNA_primary_transcript,mmu-mir-3077,+,protein-coding gene,6792.0
chr14,61602835,61682373,61682373,61682373,-,Dleu2,NR_028264.1,chr14,61631880,61631972,miRNA_primary_transcript,mmu-mir-16-1,-,non-coding gene,79538.0
chr14,61602835,61682373,61682373,61682373,-,Dleu2,NR_028264.1,chr14,61632027,61632110,miRNA_primary_transcript,mmu-mir-15a,-,non-coding gene,79538.0
chr14,63606529,63820411,63606529,63819790,+,Xkr6,NM_173393.2,chr14,63727189,63727267,miRNA_primary_transcript,mmu-mir-598,+,protein-coding gene,213882.0
chr14,67751927,67933572,67756417,67933334,-,Dock5,NM_177780.3,chr14,67859636,67859745,miRNA_primary_transcript,mmu-mir-6539,-,protein-coding gene,181645.0
chr14,73192857,73325951,73325951,73325951,-,Rb1,XR_383150.4,chr14,73206763,73206851,miRNA_primary_transcript,mmu-mir-687,-,non-coding gene,133094.0
chr14,20674284,20694852,20675985,20693791,+,Sec24c,XM_006518817.1,chr14,20690635,20690703,miRNA_primary_transcript,mmu-mir-6946,+,protein-coding gene,20568.0
chr14,29978336,29993221,29978465,29993104,+,Actr8,NM_027493.3,chr14,29988888,29988952,miRNA_primary_transcript,mmu-mir-6947,+,protein-coding gene,14885.0
chr14,54941920,54966607,54941980,54965460,-,Myh6,NM_001164171.1,chr14,54949060,54949142,miRNA_primary_transcript,mmu-mir-208a,-,protein-coding gene,24687.0
chr14,56082162,56085197,56082247,56085187,-,Mcpt8,NM_008572.1,chr14,56082401,56082468,miRNA_primary_transcript,mmu-mir-6949,-,protein-coding gene,3035.0
chr14,118236231,118261199,118261199,118261199,+,Gm4675,NR_131969.1,chr14,118258634,118258736,miRNA_primary_transcript,mmu-mir-6241,+,non-coding gene,24968.0
chr15,100641081,100669503,100641534,100669493,-,Bin2,NM_001270537.2,chr15,100649163,100649229,miRNA_primary_transcript,mmu-mir-6961,-,protein-coding gene,28422.0
chr15,53399112,53902532,53399221,53902381,-,Samd12,XM_011245660.3,chr15,53614205,53614279,miRNA_primary_transcript,mmu-mir-28c,-,protein-coding gene,503420.0
chr15,73205101,73423158,73206047,73343327,-,Ptk2,XM_030248331.1,chr15,73254815,73254882,miRNA_primary_transcript,mmu-mir-151,-,protein-coding gene,218057.0
chr15,82808446,82963552,82814519,82857248,-,Tcf20,XM_006520733.1,chr15,82959218,82959296,miRNA_primary_transcript,mmu-mir-3080,-,protein-coding gene,155106.0
chr15,25843297,25973696,25843343,25972046,+,Retreg1,NM_001034851.2,chr15,25948227,25948287,miRNA_primary_transcript,mmu-mir-7212,+,protein-coding gene,130399.0
chr15,27466676,27594909,27467003,27593217,+,Ank,NM_020332.4,chr15,27571494,27571558,miRNA_primary_transcript,mmu-mir-7117,+,protein-coding gene,128233.0
chr15,76380437,76453038,76392437,76452911,+,Mroh1,XM_030248484.1,chr15,76433214,76433273,miRNA_primary_transcript,mmu-mir-6954,+,protein-coding gene,72601.0
chr15,80572596,80652854,80623736,80648602,+,Grap2,NM_001289442.1,chr15,80646073,80646136,miRNA_primary_transcript,mmu-mir-6957,+,protein-coding gene,80258.0
chr15,82147268,82204960,82147402,82203917,+,Srebf2,NM_033218.1,chr15,82198122,82198190,miRNA_primary_transcript,mmu-mir-33,+,protein-coding gene,57692.0
chr15,83353846,83367297,83367297,83367297,-,1700001L05Rik,NR_027980.1,chr15,83362904,83362959,miRNA_primary_transcript,mmu-mir-12186,-,non-coding gene,13451.0
chr15,101174071,101213684,101174144,101210862,+,Acvr1b,NM_007395.4,chr15,101193869,101193931,miRNA_primary_transcript,mmu-mir-6962,+,protein-coding gene,39613.0
chr15,103272887,103299865,103272923,103298740,+,Copz1,NM_019817.2,chr15,103285125,103285221,miRNA_primary_transcript,mmu-mir-148b,+,protein-coding gene,26978.0
chr15,12117562,12185449,12185449,12185449,+,Zfr,XR_001781521.2,chr15,12171492,12171574,miRNA_primary_transcript,mmu-mir-1898,+,non-coding gene,67887.0
chr15,38487429,38519266,38490360,38501505,-,Azin1,NM_001102458.1,chr15,38490473,38490547,miRNA_primary_transcript,mmu-mir-6951,-,protein-coding gene,31837.0
chr15,76047161,76069761,76047391,76069387,-,Scrib,XM_006520238.4,chr15,76064828,76064888,miRNA_primary_transcript,mmu-mir-6952,-,protein-coding gene,22600.0
chr15,76170973,76229497,76172169,76229442,-,Plec,NM_201385.2,chr15,76215611,76215673,miRNA_primary_transcript,mmu-mir-1942,-,protein-coding gene,58524.0
chr15,76246716,76249909,76247873,76249366,+,Grina,XM_006521249.4,chr15,76248191,76248258,miRNA_primary_transcript,mmu-mir-6953,+,protein-coding gene,3193.0
chr15,78877166,78894585,78877574,78893639,+,Gga1,XM_017316362.2,chr15,78891840,78891913,miRNA_primary_transcript,mmu-mir-6955,+,protein-coding gene,17419.0
chr15,78947723,79005869,78951032,79004603,+,Triobp,NM_138579.4,chr15,79002223,79002284,miRNA_primary_transcript,mmu-mir-6956,+,protein-coding gene,58146.0
chr15,79360683,79377600,79362643,79377206,-,Tmem184b,XM_006520807.4,chr15,79375228,79375300,miRNA_primary_transcript,mmu-mir-1943,-,protein-coding gene,16917.0
chr15,79995864,80013251,79997579,80005535,-,Pdgfb,XM_030248409.1,chr15,79998970,79999026,miRNA_primary_transcript,mmu-mir-7213,-,protein-coding gene,17387.0
chr15,84943935,84960962,84949237,84960706,-,5031439G07Rik,NM_001368660.1,chr15,84951526,84951623,miRNA_primary_transcript,mmu-mir-1249,-,protein-coding gene,17027.0
chr15,89155545,89173951,89156280,89168014,-,Plxnb2,NM_001159521.2,chr15,89162848,89162908,miRNA_primary_transcript,mmu-mir-7118,-,protein-coding gene,18406.0
chr15,89288235,89315311,89288626,89315116,-,Sbf1,NM_001170561.1,chr15,89305658,89305732,miRNA_primary_transcript,mmu-mir-6959,-,protein-coding gene,27076.0
chr15,99074972,99083409,99075354,99083275,+,Troap,NM_001162506.1,chr15,99080805,99080865,miRNA_primary_transcript,mmu-mir-6960,+,protein-coding gene,8437.0
chr15,101358592,101377249,101377249,101377249,+,Gm35853,XR_003951455.1,chr15,101369352,101369434,miRNA_primary_transcript,mmu-mir-1941,+,non-coding gene,18657.0
chr15,103014007,103017429,103014081,103015442,+,Hoxc5,NM_175730.5,chr15,103014910,103015001,miRNA_primary_transcript,mmu-mir-615,+,protein-coding gene,3422.0
chr15,103344285,103366791,103345268,103354099,-,Itga5,NM_001314041.1,chr15,103350455,103350525,miRNA_primary_transcript,mmu-mir-6963,-,protein-coding gene,22506.0
chr16,28157782,28753243,28162416,28752846,-,Fgf12,NM_010199.4,chr16,28599935,28600043,miRNA_primary_transcript,mmu-mir-690,-,protein-coding gene,595461.0
chr16,73891975,75101857,73895828,75092418,-,Robo2,XM_006523035.4,chr16,74341990,74342067,miRNA_primary_transcript,mmu-mir-691,-,protein-coding gene,1209882.0
chr16,22466567,22657231,22469248,22622261,-,Dgkg,NM_138650.2,chr16,22532056,22532184,miRNA_primary_transcript,mmu-mir-8095,-,protein-coding gene,190664.0
chr16,24393349,24992578,24608124,24979321,+,Lpp,NM_178665.5,chr16,24827855,24827940,miRNA_primary_transcript,mmu-mir-28a,+,protein-coding gene,599229.0
chr16,42248551,42340651,42249028,42340502,-,Gap43,NM_008083.2,chr16,42303362,42303469,miRNA_primary_transcript,mmu-mir-6540,-,protein-coding gene,92100.0
chr16,97855208,97922633,97859355,97922315,-,C2cd2,NM_174847.2,chr16,97877233,97877291,miRNA_primary_transcript,mmu-mir-6964,-,protein-coding gene,67425.0
chr16,5211813,5222307,5211991,5216810,-,AU021092,XM_030249102.1,chr16,5215789,5215874,miRNA_primary_transcript,mmu-mir-6364,-,protein-coding gene,10494.0
chr16,13447951,13467230,13467230,13467230,+,Gm53058,NR_169185.1,chr16,13449523,13449601,miRNA_primary_transcript,mmu-mir-193b,+,non-coding gene,19279.0
chr16,13447951,13467230,13467230,13467230,+,Gm53058,NR_169185.1,chr16,13453840,13453926,miRNA_primary_transcript,mmu-mir-365-1,+,non-coding gene,19279.0
chr16,17113397,17125144,17113451,17121517,-,2610318N02Rik,XM_006522539.4,chr16,17124061,17124142,miRNA_primary_transcript,mmu-mir-130b,-,protein-coding gene,11747.0
chr16,17113397,17125144,17113451,17121517,-,2610318N02Rik,XM_006522539.4,chr16,17124400,17124496,miRNA_primary_transcript,mmu-mir-301b,-,protein-coding gene,11747.0
chr16,18300824,18331465,18301431,18324412,-,Tango2,XM_011245929.1,chr16,18327401,18327465,miRNA_primary_transcript,mmu-mir-185,-,protein-coding gene,30641.0
chr16,20589427,20605207,20591161,20605085,+,Vwa5b2,XM_030249160.1,chr16,20604452,20604536,miRNA_primary_transcript,mmu-mir-1224,+,protein-coding gene,15780.0
chr16,21247498,21296872,21296872,21296872,-,Gm16863,NR_046162.1,chr16,21256013,21256066,miRNA_primary_transcript,mmu-mir-7680,-,non-coding gene,49374.0
chr16,33061869,33127695,33127695,33127695,+,Lmln,XR_384562.3,chr16,33105361,33105445,miRNA_primary_transcript,mmu-mir-1947,+,non-coding gene,65826.0
chr16,44485044,44558870,44485611,44521240,-,Boc,NM_172506.2,chr16,44558046,44558129,miRNA_primary_transcript,mmu-mir-3081,-,protein-coding gene,73826.0
chr17,66666847,67354459,66667627,67354029,-,Ptprm,NM_008984.2,chr17,67026147,67026235,miRNA_primary_transcript,mmu-mir-5709,-,protein-coding gene,687612.0
chr17,24223229,24251342,24223897,24251235,-,Ccnf,XM_006523554.1,chr17,24240884,24240947,miRNA_primary_transcript,mmu-mir-6965,-,protein-coding gene,28113.0
chr17,25242658,25253137,25243637,25252135,-,Baiap3,XM_006524643.4,chr17,25245551,25245638,miRNA_primary_transcript,mmu-mir-3547,-,protein-coding gene,10479.0
chr17,25773775,25783332,25773821,25782254,+,Ciao3,NM_026238.4,chr17,25780808,25780879,miRNA_primary_transcript,mmu-mir-6966,+,protein-coding gene,9557.0
chr17,26933126,26937908,26934209,26937565,+,Phf1,NM_001302397.1,chr17,26935472,26935539,miRNA_primary_transcript,mmu-mir-6968,+,protein-coding gene,4782.0
chr17,27325195,27344832,27344832,27344832,+,Gm10505,NR_168739.1,chr17,27328385,27328460,miRNA_primary_transcript,mmu-mir-7216,+,non-coding gene,19637.0
chr17,28558209,28560766,28558308,28560657,-,Clps,NM_025469.3,chr17,28558441,28558501,miRNA_primary_transcript,mmu-mir-6969,-,protein-coding gene,2557.0
chr17,29549767,29606895,29549938,29604972,+,Tbc1d22b,XM_006524488.2,chr17,29595538,29595600,miRNA_primary_transcript,mmu-mir-7667,+,protein-coding gene,57128.0
chr17,34839225,34850204,34839404,34850155,-,Skiv2l,NM_021337.2,chr17,34841809,34841871,miRNA_primary_transcript,mmu-mir-6971,-,protein-coding gene,10979.0
chr17,34839225,34850204,34839404,34850155,-,Skiv2l,NM_021337.2,chr17,34845101,34845167,miRNA_primary_transcript,mmu-mir-6970,-,protein-coding gene,10979.0
chr17,34856373,34862514,34856426,34862112,-,Cfb,NM_008198.2,chr17,34857569,34857632,miRNA_primary_transcript,mmu-mir-6972,-,protein-coding gene,6141.0
chr17,35194506,35196305,35194521,35196146,+,Ltb,NM_008518.2,chr17,35194972,35195049,miRNA_primary_transcript,mmu-mir-6973a,+,protein-coding gene,1799.0
chr17,35203164,35205351,35203736,35204653,-,Lta,NM_010735.2,chr17,35204475,35204557,miRNA_primary_transcript,mmu-mir-6974,-,protein-coding gene,2187.0
chr17,35241745,35253707,35243239,35253489,+,Ddx39b,NM_019693.3,chr17,35244075,35244135,miRNA_primary_transcript,mmu-mir-6975,+,protein-coding gene,11962.0
chr17,35956818,35969750,35957422,35969718,-,Abcf1,NM_013854.1,chr17,35960730,35960814,miRNA_primary_transcript,mmu-mir-877,-,protein-coding gene,12932.0
chr17,46202810,46243598,46202920,46242271,+,Xpo5,NM_028198.3,chr17,46231531,46231619,miRNA_primary_transcript,mmu-mir-693,+,protein-coding gene,40788.0
chr17,46546837,46555063,46549082,46554746,-,Srf,XM_011246336.2,chr17,46553827,46553889,miRNA_primary_transcript,mmu-mir-6976,-,protein-coding gene,8226.0
chr17,56412425,56462221,56413324,56458282,-,Ptprs,NM_001252456.1,chr17,56418846,56418909,miRNA_primary_transcript,mmu-mir-6977,-,protein-coding gene,49796.0
chr17,57203966,57228136,57204012,57228035,-,C3,NM_009778.3,chr17,57217172,57217228,miRNA_primary_transcript,mmu-mir-6978,-,protein-coding gene,24170.0
chr18,66056855,66291838,66061286,66291754,-,Ccbe1,NM_178793.4,chr18,66219264,66219333,miRNA_primary_transcript,mmu-mir-694,-,protein-coding gene,234983.0
chr18,10725624,10818578,10726304,10812125,+,Mib1,NM_001364997.1,chr18,10785446,10785567,miRNA_primary_transcript,mmu-mir-1b,+,protein-coding gene,92954.0
chr18,12583102,12739382,12684852,12736763,+,Ttc39c,XM_030250614.1,chr18,12714811,12714895,miRNA_primary_transcript,mmu-mir-1948,+,protein-coding gene,156280.0
chr18,37843600,37935476,37845340,37906399,-,Diaph1,NM_001305981.2,chr18,37854605,37854660,miRNA_primary_transcript,mmu-mir-6979,-,protein-coding gene,91876.0
chr18,60925306,60984558,60925778,60984558,+,Camk2a,XM_017317805.2,chr18,60953873,60953932,miRNA_primary_transcript,mmu-mir-7220,+,protein-coding gene,59252.0
chr18,60925306,60984558,60925778,60984558,+,Camk2a,XM_017317805.2,chr18,60958073,60958140,miRNA_primary_transcript,mmu-mir-6982,+,protein-coding gene,59252.0
chr18,61291444,61400412,61298682,61400336,-,Ppargc1b,NM_001364996.1,chr18,61397835,61397900,miRNA_primary_transcript,mmu-mir-378a,-,protein-coding gene,108968.0
chr18,10778305,10791393,10791393,10791393,-,Mir133a-1hg,XR_877177.3,chr18,10782909,10782976,miRNA_primary_transcript,mmu-mir-133a-1,-,non-coding gene,13088.0
chr18,10778305,10791393,10791393,10791393,-,Mir133a-1hg,XR_877177.3,chr18,10785481,10785552,miRNA_primary_transcript,mmu-mir-1a-2,-,non-coding gene,13088.0
chr18,24426142,24433457,24433457,24433457,-,Gm32547,XR_386109.4,chr18,24429110,24429170,miRNA_primary_transcript,mmu-mir-187,-,non-coding gene,7315.0
chr18,35553409,35558316,35558316,35558316,+,Snhg4,NR_038073.1,chr18,35554567,35554636,miRNA_primary_transcript,mmu-mir-1949,+,non-coding gene,4907.0
chr18,37972622,37997574,37973171,37997106,-,Arap3,NM_139206.2,chr18,37974503,37974617,miRNA_primary_transcript,mmu-mir-6981,-,protein-coding gene,24952.0
chr18,37972622,37997574,37973171,37997106,-,Arap3,NM_139206.2,chr18,37990887,37990945,miRNA_primary_transcript,mmu-mir-6980,-,protein-coding gene,24952.0
chr18,61105571,61131139,61105949,61130480,+,Csf1r,NM_001037859.2,chr18,61117468,61117531,miRNA_primary_transcript,mmu-mir-6983,+,protein-coding gene,25568.0
chr18,61645877,61665538,61665538,61665538,-,Carmn,NR_045402.1,chr18,61647825,61647894,miRNA_primary_transcript,mmu-mir-145a,-,non-coding gene,19661.0
chr18,61645877,61665538,61665538,61665538,-,Carmn,NR_045402.1,chr18,61649196,61649258,miRNA_primary_transcript,mmu-mir-143,-,non-coding gene,19661.0
chr19,57610959,58133343,57611353,58131116,+,Atrnl1,XM_006527049.3,chr19,58051167,58051236,miRNA_primary_transcript,mmu-mir-5623,+,protein-coding gene,522384.0
chr19,11912398,11945096,11912562,11943352,+,Patl1,NM_172635.3,chr19,11923728,11923800,miRNA_primary_transcript,mmu-mir-6994,+,protein-coding gene,32698.0
chr19,22137796,22995410,22139118,22988308,+,Trpm3,XM_006526956.4,chr19,22750605,22750672,miRNA_primary_transcript,mmu-mir-204,+,protein-coding gene,857614.0
chr19,34806934,34877917,34812327,34877713,-,Pank1,NM_023792.2,chr19,34820687,34820773,miRNA_primary_transcript,mmu-mir-107,-,protein-coding gene,70983.0
chr19,44746600,44838269,44746921,44836027,+,Pax2,NM_001368745.1,chr19,44808406,44808529,miRNA_primary_transcript,mmu-mir-6405,+,protein-coding gene,91669.0
chr19,47260173,47464411,47266986,47464135,-,Sh3pxd2a,NM_008018.4,chr19,47273519,47273589,miRNA_primary_transcript,mmu-mir-6995,-,protein-coding gene,204238.0
chr19,52931278,53038662,52932241,53038545,-,Xpnpep1,XM_011247158.3,chr19,53010656,53010756,miRNA_primary_transcript,mmu-mir-6407,-,protein-coding gene,107384.0
chr19,58795749,58943672,58799360,58943458,-,Hspa12a,NM_001327998.1,chr19,58911673,58911759,miRNA_primary_transcript,mmu-mir-3086,-,protein-coding gene,147923.0
chr19,3283041,3291201,3283071,3291041,+,Mrpl21,NM_001347420.2,chr19,3288920,3288983,miRNA_primary_transcript,mmu-mir-6984,+,protein-coding gene,8160.0
chr19,4261667,4269180,4262353,4269080,-,Ssh3,NM_001374687.1,chr19,4263818,4263878,miRNA_primary_transcript,mmu-mir-6985,-,protein-coding gene,7513.0
chr19,4622592,4625295,4622881,4625072,-,Rce1,XM_030250793.1,chr19,4623898,4623955,miRNA_primary_transcript,mmu-mir-6986,-,protein-coding gene,2703.0
chr19,5664634,5688161,5665052,5688149,-,Pcnx3,XM_030250680.1,chr19,5679004,5679076,miRNA_primary_transcript,mmu-mir-6987,-,protein-coding gene,23527.0
chr19,6046575,6053718,6047933,6052657,+,Syvn1,NM_028769.5,chr19,6051334,6051392,miRNA_primary_transcript,mmu-mir-6988,+,protein-coding gene,7143.0
chr19,6134388,6141137,6134666,6141101,-,Arl2,NM_019722.3,chr19,6134801,6134863,miRNA_primary_transcript,mmu-mir-12193,-,protein-coding gene,6749.0
chr19,6340989,6355619,6355619,6355619,+,Map4k2,XR_001782591.2,chr19,6346480,6346544,miRNA_primary_transcript,mmu-mir-6989,+,non-coding gene,14630.0
chr19,8741423,8755642,8742272,8755068,+,Stx5a,NM_001167799.1,chr19,8742971,8743079,miRNA_primary_transcript,mmu-mir-6992,+,protein-coding gene,14219.0
chr19,10182876,10196874,10185732,10194922,+,Fads1,XM_006527438.2,chr19,10191375,10191439,miRNA_primary_transcript,mmu-mir-6993,+,protein-coding gene,13998.0
chr19,23141225,23168129,23141754,23164912,+,Klf9,NM_010638.5,chr19,23149431,23149551,miRNA_primary_transcript,mmu-mir-1192,+,protein-coding gene,26904.0
chr19,24919628,24961663,24920592,24940816,-,Cbwd1,XM_030250891.1,chr19,24942235,24942303,miRNA_primary_transcript,mmu-mir-3084-1,-,protein-coding gene,42035.0
chr19,29101374,29143843,29101504,29143292,+,Rcl1,NM_021525.2,chr19,29135279,29135375,miRNA_primary_transcript,mmu-mir-101b,+,protein-coding gene,42469.0
chr19,34922334,34966133,34924625,34961312,+,Kif20b,XM_011247247.3,chr19,34965396,34965469,miRNA_primary_transcript,mmu-mir-1950,+,protein-coding gene,43799.0
chr19,46338759,46344131,46344131,46344131,+,Gm36493,XR_386763.4,chr19,46342762,46342870,miRNA_primary_transcript,mmu-mir-146b,+,non-coding gene,5372.0
chr19,47736856,47837361,47737720,47837327,-,Cfap43,NM_027559.2,chr19,47755022,47755157,miRNA_primary_transcript,mmu-mir-8090,-,protein-coding gene,100505.0
