chrom	exonStarts	exonEnds	cdsStart	cdsEnd	strand	Name	ID
chr1	12425985	12426106	12426106	12426106	+	Mir6341	NR_105759.1
chr1	20679009	20679082	20679082	20679082	+	Mir206	NR_029593.1
chr1	20682768	20682887	20682887	20682887	+	Mir133b	NR_029902.1
chr1	23272268	23272339	23272339	23272339	+	Mir30a	NR_029533.1
chr1	23291700	23291784	23291784	23291784	+	Mir30c-2	NR_029717.1
chr1	29421487	29421612	29421612	29421612	+	Mir6342	NR_105760.1
chr1	34117358	34117431	34117431	34117431	+	Mir6896	NR_105861.1
chr1	34433120	34433199	34433199	34433199	-	Mir5103	NR_039562.1
chr1	36144251	36144313	36144313	36144313	-	Mir6897	NR_105862.1
chr1	36348681	36348758	36348758	36348758	-	Mir6898	NR_105863.1
chr1	39186895	39186992	39186992	39186992	-	Mir6349	NR_105767.1
chr1	47467020	47467125	47467125	47467125	-	Mir6350	NR_105768.1
chr1	53849423	53849495	53849495	53849495	+	Mir7681	NR_106149.1
chr1	64042437	64042501	64042501	64042501	-	Mir6899	NR_105864.1
chr1	73855476	73855575	73855575	73855575	-	Mir6351	NR_105769.1
chr1	74206553	74206620	74206620	74206620	-	Mir1928	NR_035449.1
chr1	74394309	74394394	74394394	74394394	+	Mir26b	NR_029743.1
chr1	74900657	74900721	74900721	74900721	-	Mir375	NR_029876.1
chr1	76509559	76509643	76509643	76509643	+	Mir6343	NR_105761.1
chr1	77496652	77496768	77496768	77496768	-	Mir6352	NR_105770.1
chr1	82131915	82132019	82132019	82132019	+	Mir6344	NR_105762.1
chr1	84218848	84218961	84218961	84218961	-	Mir6353	NR_105771.1
chr1	84695838	84695915	84695915	84695915	+	Mir5126	NR_039588.1
chr1	85751947	85752074	85752074	85752074	+	Mir8096	NR_106172.1
chr1	92464482	92464542	92464542	92464542	-	Mir6900	NR_105865.1
chr1	92850377	92850443	92850443	92850443	+	Mir149	NR_029559.1
chr1	93274548	93274610	93274610	93274610	+	Mir6901	NR_105866.1
chr1	93346091	93346155	93346155	93346155	+	Mir6902	NR_105867.1
chr1	93352157	93352285	93352285	93352285	+	Mir6345	NR_105763.1
chr1	106546495	106546631	106546631	106546631	-	Mir3473f	NR_106164.1
chr1	118954219	118954300	118954300	118954300	+	Mir6346	NR_105764.1
chr1	128202360	128202430	128202430	128202430	+	Mir128-1	NR_029543.1
chr1	132198087	132198184	132198184	132198184	+	Mir135b	NR_029777.1
chr1	133726557	133726645	133726645	133726645	-	Mir6903	NR_105868.1
chr1	135454602	135454683	135454683	135454683	-	Mir1231	NR_049188.1
chr1	137966454	137966541	137966541	137966541	+	Mir181a-1	NR_029795.1
chr1	137966638	137966718	137966718	137966718	+	Mir181b-1	NR_029820.1
chr1	151442392	151442450	151442450	151442450	+	Mir7682	NR_106150.1
chr1	153899925	153900036	153900036	153900036	+	Mir8114	NR_106194.1
chr1	158505624	158505733	158505733	158505733	+	Mir488	NR_030441.1
chr1	159340357	159340423	159340423	159340423	+	Mir1843b	NR_039543.1
chr1	160295863	160295972	160295972	160295972	-	Mir1927	NR_035448.1
chr1	162217813	162217923	162217923	162217923	+	Mir199a-2	NR_029810.1
chr1	162223367	162223477	162223477	162223477	+	Mir214	NR_029796.1
chr1	167290124	167290225	167290225	167290225	+	Mir6347	NR_105765.1
chr1	168490642	168490762	168490762	168490762	+	Mir6348	NR_105766.1
chr1	169018973	169019089	169019089	169019089	-	Mir6354	NR_105772.1
chr1	171064590	171064652	171064652	171064652	-	Mir6546	NR_106103.1
chr1	171641839	171641900	171641900	171641900	-	Mir7683	NR_106151.1
chr1	176772324	176772423	176772423	176772423	-	Mir350	NR_029775.1
chr1	180587200	180587267	180587267	180587267	+	Mir6904	NR_105869.1
chr1	184822406	184822488	184822488	184822488	-	Mir1981	NR_035502.1
chr1	185242974	185243043	185243043	185243043	+	Mir664	NR_035529.1
chr1	185313318	185313385	185313385	185313385	+	Mir194-1	NR_029580.1
chr1	185313580	185313692	185313692	185313692	+	Mir215	NR_029908.1
chr1	191998553	191998634	191998634	191998634	-	Mir3473c	NR_039566.1
chr1	193507462	193507530	193507530	193507530	-	Mir205	NR_029592.1
chr1	194822000	194822064	194822064	194822064	+	Mir3962	NR_039539.1
chr1	195037039	195037120	195037120	195037120	+	Mir29b-2	NR_029809.1
chr1	195037546	195037634	195037634	195037634	+	Mir29c	NR_029745.1
chr2	10466662	10466746	10466746	10466746	+	Mir466m	NR_130333.1
chr2	10466943	10467037	10467037	10467037	+	Mir466f-1	NR_030566.1
chr2	10467228	10467349	10467349	10467349	+	Mir669f	NR_130324.1
chr2	10467494	10467613	10467613	10467613	+	Mir669e	NR_035426.1
chr2	10467789	10467886	10467886	10467886	+	Mir669b	NR_030469.1
chr2	10468342	10468463	10468463	10468463	+	Mir669d	NR_130323.1
chr2	10468674	10468768	10468768	10468768	+	Mir466f-2	NR_030567.1
chr2	10468970	10469068	10469068	10469068	+	Mir669l	NR_130330.1
chr2	10471643	10471729	10471729	10471729	+	Mir669d-2	NR_130334.1
chr2	10471952	10472046	10472046	10472046	+	Mir466f-3	NR_030568.1
chr2	10472253	10472343	10472343	10472343	+	Mir297a-2	NR_029648.2
chr2	10472539	10472623	10472623	10472623	+	Mir466o	NR_037248.1
chr2	10473930	10474027	10474027	10474027	+	Mir467c	NR_030571.1
chr2	10474218	10474300	10474300	10474300	+	Mir466b-1	NR_130319.1
chr2	10474432	10474541	10474541	10474541	+	Mir669a-3	NR_030471.1
chr2	10475299	10475426	10475426	10475426	+	Mir669k	NR_035410.1
chr2	10476345	10476418	10476418	10476418	+	Mir467a-1	NR_035406.1
chr2	10476627	10476713	10476713	10476713	+	Mir466b-8	NR_130341.1
chr2	10476852	10476949	10476949	10476949	+	Mir669a-1	NR_035408.1
chr2	10477149	10477272	10477272	10477272	+	Mir669g	NR_035411.1
chr2	10477909	10478030	10478030	10478030	+	Mir669j	NR_035416.1
chr2	10478797	10478880	10478880	10478880	+	Mir467a-2	NR_037249.1
chr2	10479087	10479171	10479171	10479171	+	Mir466e	NR_130321.1
chr2	10479314	10479401	10479401	10479401	+	Mir669a-4	NR_037250.1
chr2	10481247	10481320	10481320	10481320	+	Mir467b	NR_030472.1
chr2	10481533	10481617	10481617	10481617	+	Mir466c-1	NR_130320.1
chr2	10481760	10481847	10481847	10481847	+	Mir669a-5	NR_037251.1
chr2	10483677	10483760	10483760	10483760	+	Mir467a-3	NR_037252.1
chr2	10483965	10484055	10484055	10484055	+	Mir466c-2	NR_130335.1
chr2	10484195	10484282	10484282	10484282	+	Mir669a-6	NR_037253.1
chr2	10486134	10486217	10486217	10486217	+	Mir467a-4	NR_037254.1
chr2	10486422	10486512	10486512	10486512	+	Mir466b-4	NR_130336.1
chr2	10486652	10486739	10486739	10486739	+	Mir669a-7	NR_037255.1
chr2	10488598	10488681	10488681	10488681	+	Mir467a-5	NR_037256.1
chr2	10488886	10488974	10488974	10488974	+	Mir466b-5	NR_130337.1
chr2	10489115	10489202	10489202	10489202	+	Mir669p-1	NR_037257.1
chr2	10491047	10491130	10491130	10491130	+	Mir467a-6	NR_037258.1
chr2	10491565	10491652	10491652	10491652	+	Mir669a-8	NR_037259.1
chr2	10493509	10493592	10493592	10493592	+	Mir467a-7	NR_037261.1
chr2	10493797	10493887	10493887	10493887	+	Mir466b-6	NR_130338.1
chr2	10494027	10494114	10494114	10494114	+	Mir669a-9	NR_037260.1
chr2	10495979	10496062	10496062	10496062	+	Mir467a-8	NR_037263.1
chr2	10496267	10496355	10496355	10496355	+	Mir466b-7	NR_130339.1
chr2	10496496	10496583	10496583	10496583	+	Mir669p-2	NR_037262.1
chr2	10498392	10498475	10498475	10498475	+	Mir467a-9	NR_037265.1
chr2	10498684	10498766	10498766	10498766	+	Mir466b-2	NR_030564.1
chr2	10498910	10498997	10498997	10498997	+	Mir669a-10	NR_037264.1
chr2	10501338	10501425	10501425	10501425	+	Mir669a-11	NR_037266.1
chr2	10503272	10503355	10503355	10503355	+	Mir467a-10	NR_037267.1
chr2	10503564	10503645	10503645	10503645	+	Mir466b-3	NR_030565.1
chr2	10503790	10503877	10503877	10503877	+	Mir669a-12	NR_037268.1
chr2	10505720	10505807	10505807	10505807	+	Mir467e	NR_030645.1
chr2	10506005	10506094	10506094	10506094	+	Mir466p	NR_105742.1
chr2	10507629	10507714	10507714	10507714	+	Mir467d	NR_030572.1
chr2	10507917	10507990	10507990	10507990	+	Mir466	NR_030150.1
chr2	10509015	10509113	10509113	10509113	+	Mir297c	NR_030555.1
chr2	10509295	10509404	10509404	10509404	+	Mir669c	NR_030473.1
chr2	10510163	10510260	10510260	10510260	+	Mir669a-2	NR_030470.1
chr2	10511666	10511775	10511775	10511775	+	Mir297b	NR_030474.1
chr2	10511966	10512062	10512062	10512062	+	Mir466d	NR_030601.1
chr2	10512789	10512887	10512887	10512887	+	Mir669m-1	NR_035474.1
chr2	10513433	10513531	10513531	10513531	+	Mir669m-2	NR_035475.1
chr2	10513740	10513834	10513834	10513834	+	Mir466n	NR_037269.1
chr2	10514299	10514395	10514395	10514395	+	Mir669o	NR_130331.1
chr2	10514594	10514674	10514674	10514674	+	Mir466g	NR_030569.1
chr2	10514890	10514971	10514971	10514971	+	Mir466h	NR_030570.1
chr2	10515819	10515921	10515921	10515921	+	Mir297a-3	NR_030551.1
chr2	10516096	10516217	10516217	10516217	+	Mir466l	NR_130322.1
chr2	10517066	10517164	10517164	10517164	+	Mir297a-4	NR_030552.1
chr2	10517603	10517730	10517730	10517730	+	Mir669i	NR_035417.1
chr2	10518154	10518279	10518279	10518279	+	Mir669h	NR_035418.1
chr2	14261002	14261081	14261081	14261081	+	Mir511	NR_030609.1
chr2	17563513	17563626	17563626	17563626	+	Mir6419	NR_105847.1
chr2	18057845	18057903	18057903	18057903	+	Mir7655	NR_106115.1
chr2	22654282	22654350	22654350	22654350	+	Mir3967	NR_039548.1
chr2	25059810	25059873	25059873	25059873	+	Mir7664	NR_106124.1
chr2	25442778	25442834	25442834	25442834	+	Mir3087	NR_037270.1
chr2	26470058	26470119	26470119	26470119	-	Mir6996	NR_105962.1
chr2	26591356	26591429	26591429	26591429	+	Mir126a	NR_029541.1
chr2	26591362	26591420	26591420	26591420	-	Mir126b	NR_106155.1
chr2	27450548	27450630	27450630	27450630	-	Mir7578	NR_106102.1
chr2	28733277	28733351	28733351	28733351	+	Mir3088	NR_037271.1
chr2	29475214	29475294	29475294	29475294	-	Mir133c	NR_105753.1
chr2	29845630	29845727	29845727	29845727	-	Mir219a-2	NR_029838.1
chr2	29845646	29845711	29845711	29845711	+	Mir219b	NR_106110.1
chr2	29995949	29996020	29996020	29996020	+	Mir6997	NR_105963.1
chr2	30721209	30721293	30721293	30721293	+	Mir3089	NR_037272.1
chr2	31612420	31612484	31612484	31612484	+	Mir6998	NR_105964.1
chr2	32050945	32051008	32051008	32051008	+	Mir7674	NR_106135.1
chr2	32318459	32318569	32318569	32318569	+	Mir199b	NR_029811.1
chr2	32652328	32652414	32652414	32652414	+	Mir1954	NR_035479.1
chr2	32687629	32687766	32687766	32687766	-	Mir8093	NR_106168.1
chr2	32712806	32712888	32712888	32712888	-	Mir2861	NR_037217.1
chr2	32712899	32712972	32712972	32712972	-	Mir3960	NR_039536.1
chr2	37688200	37688284	37688284	37688284	-	Mir5128	NR_039590.1
chr2	38852734	38852810	38852810	38852810	+	Mir181a-2	NR_029568.1
chr2	38853829	38853918	38853918	38853918	+	Mir181b-2	NR_029904.1
chr2	42447438	42447568	42447568	42447568	-	Mir6336	NR_105754.1
chr2	45023099	45023177	45023177	45023177	-	Mir5129	NR_039591.1
chr2	56785810	56785907	56785907	56785907	+	Mir195b	NR_105751.1
chr2	65364295	65364400	65364400	65364400	-	Mir6337	NR_105755.1
chr2	67675456	67675516	67675516	67675516	+	Mir7224	NR_106083.1
chr2	67781042	67781140	67781140	67781140	+	Mir6335	NR_105752.1
chr2	74726069	74726137	74726137	74726137	+	Mir10b	NR_029566.1
chr2	80628704	80628790	80628790	80628790	-	Mir684-1	NR_030454.1
chr2	84741114	84741178	84741178	84741178	-	Mir130a	NR_029544.1
chr2	91944869	91944930	91944930	91944930	-	Mir6999	NR_105965.1
chr2	92191976	92192074	92192074	92192074	+	Mir1955	NR_035480.1
chr2	92387383	92387446	92387446	92387446	-	Mir7000	NR_105966.1
chr2	92592205	92592277	92592277	92592277	+	Mir7221	NR_106080.1
chr2	92594601	92594676	92594676	92594676	+	Mir7222	NR_106081.1
chr2	93421928	93422007	93422007	93422007	-	Mir7001	NR_105967.1
chr2	94241363	94241453	94241453	94241453	-	Mir129-2	NR_029752.1
chr2	94241377	94241442	94241442	94241442	+	Mir129b	NR_106139.1
chr2	94261299	94261399	94261399	94261399	-	Mir670	NR_030431.1
chr2	104428860	104428940	104428940	104428940	-	Mir1902	NR_035432.1
chr2	114150515	114150570	114150570	114150570	-	Mir7002	NR_105968.1
chr2	115638724	115638813	115638813	115638813	+	Mir1951	NR_035476.1
chr2	117185126	117185226	117185226	117185226	+	Mir674	NR_030440.1
chr2	120017516	120017579	120017579	120017579	+	Mir7665	NR_106125.1
chr2	122640802	122640881	122640881	122640881	+	Mir147	NR_030547.1
chr2	126902249	126902385	126902385	126902385	-	Mir3473g	NR_106202.1
chr2	130016291	130016408	130016408	130016408	-	Mir6339	NR_105757.1
chr2	131040318	131040398	131040398	131040398	-	Mir6973b	NR_105969.1
chr2	131288051	131288137	131288137	131288137	+	Mir103-2	NR_029755.1
chr2	133564707	133564794	133564794	133564794	+	Mir3090	NR_037273.1
chr2	138819928	138820007	138820007	138820007	+	Mir1952	NR_035477.1
chr2	151967528	151967617	151967617	151967617	-	Mir1953	NR_035478.1
chr2	152865066	152865126	152865126	152865126	+	Mir5622	NR_049195.1
chr2	155356816	155356925	155356925	155356925	+	Mir695	NR_030475.1
chr2	155622879	155622958	155622958	155622958	+	Mir499	NR_030757.1
chr2	158243503	158243565	158243565	158243565	-	Mir7685	NR_106156.1
chr2	158638582	158638640	158638640	158638640	+	Mir3474	NR_037312.1
chr2	163068089	163068155	163068155	163068155	+	Mir7003	NR_105970.1
chr2	164354312	164354383	164354383	164354383	-	Mir7678	NR_106143.1
chr2	168640695	168640759	168640759	168640759	-	Mir7004	NR_105971.1
chr2	173701029	173701148	173701148	173701148	-	Mir6340	NR_105758.1
chr2	174267046	174267125	174267125	174267125	-	Mir296	NR_029646.1
chr2	174267503	174267585	174267585	174267585	-	Mir298	NR_029649.1
chr2	180179754	180179823	180179823	180179823	-	Mir7005	NR_105972.1
chr2	180257535	180257611	180257611	180257611	+	Mir3091	NR_037274.1
chr2	180389047	180389124	180389124	180389124	+	Mir1a-1	NR_029528.1
chr2	180398378	180398482	180398482	180398482	+	Mir133a-2	NR_029901.1
chr2	180894039	180894107	180894107	180894107	+	Mir124a-3	NR_029538.1
chr2	181587899	181587968	181587968	181587968	-	Mir7006	NR_105973.1
chr3	17795661	17795770	17795770	17795770	+	Mir124a-2	NR_029814.1
chr3	20222289	20222359	20222359	20222359	-	Mir7007	NR_105974.1
chr3	27584899	27584995	27584995	27584995	-	Mir3092	NR_037275.1
chr3	28419942	28420018	28420018	28420018	+	Mir466q	NR_130342.1
chr3	29416822	29416920	29416920	29416920	+	Mir551b	NR_030422.1
chr3	29636743	29636851	29636851	29636851	+	Mir21b	NR_105796.1
chr3	31038965	31039028	31039028	31039028	+	Mir7008	NR_105975.1
chr3	34638463	34638542	34638542	34638542	+	Mir1897	NR_035433.1
chr3	34922544	34922651	34922651	34922651	-	Mir6378	NR_105799.1
chr3	36475460	36475524	36475524	36475524	-	Mir7009	NR_105976.1
chr3	46900667	46900782	46900782	46900782	-	Mir6379	NR_105800.1
chr3	57616608	57616722	57616722	57616722	+	Mir6377	NR_105797.1
chr3	65659287	65659426	65659426	65659426	+	Mir8120	NR_106200.1
chr3	69009771	69009835	69009835	69009835	+	Mir15b	NR_029529.1
chr3	69009901	69009996	69009996	69009996	+	Mir16-2	NR_029735.1
chr3	82106246	82106309	82106309	82106309	-	Mir7010	NR_105977.1
chr3	85467376	85467498	85467498	85467498	+	Mir466k	NR_130326.1
chr3	88215170	88215257	88215257	88215257	+	Mir3093	NR_037276.1
chr3	88215597	88215686	88215686	88215686	+	Mir9-1	NR_029817.1
chr3	88440878	88440951	88440951	88440951	-	Mir7011	NR_105978.1
chr3	88536300	88536382	88536382	88536382	-	Mir1905	NR_035434.1
chr3	89227115	89227198	89227198	89227198	-	Mir92b	NR_030579.1
chr3	90011152	90011210	90011210	90011210	-	Mir7669	NR_106129.1
chr3	90070019	90070099	90070099	90070099	+	Mir190b	NR_030543.1
chr3	90270148	90270212	90270212	90270212	+	Mir7012	NR_105979.1
chr3	95004167	95004239	95004239	95004239	+	Mir7013	NR_105980.1
chr3	95139059	95139186	95139186	95139186	-	Mir8099-1	NR_106175.1
chr3	95734910	95734973	95734973	95734973	-	Mir7014	NR_105981.1
chr3	97690508	97690562	97690562	97690562	-	Mir7225	NR_106084.1
chr3	99199343	99199453	99199453	99199453	-	Mir6481	NR_105852.1
chr3	115979901	115979955	115979955	115979955	+	Mir669n	NR_130332.1
chr3	118433856	118433929	118433929	118433929	+	Mir137	NR_029551.1
chr3	122293584	122293703	122293703	122293703	-	Mir760	NR_030439.1
chr3	122541624	122541681	122541681	122541681	-	Mir7657	NR_106117.1
chr3	127545227	127545301	127545301	127545301	+	Mir302b	NR_030403.1
chr3	127545362	127545430	127545430	127545430	+	Mir302c	NR_030404.1
chr3	127545495	127545564	127545564	127545564	+	Mir302a	NR_029653.1
chr3	127545623	127545689	127545689	127545689	+	Mir302d	NR_030405.1
chr3	127545732	127545807	127545807	127545807	+	Mir367	NR_030268.1
chr3	134240504	134240583	134240583	134240583	-	Mir1895	NR_035435.1
chr3	137783534	137783615	137783615	137783615	-	Mir6380	NR_105801.1
chr3	138526420	138526485	138526485	138526485	+	Mir1956	NR_035481.1
chr3	140028248	140028370	140028370	140028370	+	Mir7j	NR_105798.1
chr3	142623859	142623946	142623946	142623946	-	Mir6381	NR_105802.1
chr3	151023791	151023862	151023862	151023862	-	Mir3963	NR_039540.1
chr3	157544278	157544349	157544349	157544349	+	Mir186	NR_029572.1
chr4	3537089	3537191	3537191	3537191	+	Mir3471-2	NR_037306.1
chr4	10845499	10845630	10845630	10845630	-	Mir3471-1	NR_037304.1
chr4	11134096	11134182	11134182	11134182	+	Mir684-2	NR_030455.1
chr4	15942899	15942991	15942991	15942991	-	Mir6400	NR_105826.1
chr4	33438080	33438209	33438209	33438209	+	Mir8118	NR_106198.1
chr4	36645372	36645453	36645453	36645453	-	Mir876	NR_030545.1
chr4	36668509	36668586	36668586	36668586	+	Mir873b	NR_105849.1
chr4	36668509	36668586	36668586	36668586	-	Mir873a	NR_030605.1
chr4	40722916	40722995	40722995	40722995	+	Mir207	NR_029594.1
chr4	40850055	40850138	40850138	40850138	-	Mir5123	NR_039584.1
chr4	40993694	40993758	40993758	40993758	+	Mir3094	NR_037277.1
chr4	44221194	44221267	44221267	44221267	-	Mir5106	NR_039565.1
chr4	44607490	44607568	44607568	44607568	-	Mir5120	NR_039580.1
chr4	48213118	48213215	48213215	48213215	-	Mir1958	NR_035484.1
chr4	56895228	56895298	56895298	56895298	-	Mir32	NR_029789.1
chr4	58441011	58441098	58441098	58441098	-	Mir3095	NR_037278.1
chr4	63256850	63256932	63256932	63256932	+	Mir455	NR_030477.1
chr4	88122039	88122125	88122125	88122125	+	Mir491	NR_030478.1
chr4	88910556	88910662	88910662	88910662	-	Mir31	NR_029747.1
chr4	91373283	91373363	91373363	91373363	-	Mir6402	NR_105828.1
chr4	94665156	94665237	94665237	94665237	+	Mir872	NR_030604.1
chr4	101346944	101347027	101347027	101347027	-	Mir101a	NR_029537.1
chr4	108087356	108087449	108087449	108087449	+	Mir6397	NR_105823.1
chr4	109017654	109017730	109017730	109017730	+	Mir761	NR_030432.1
chr4	118210504	118210564	118210564	118210564	-	Mir7226	NR_106085.1
chr4	120769533	120769622	120769622	120769622	-	Mir30c-1	NR_029716.1
chr4	120772605	120772697	120772697	120772697	+	Mir30f	NR_105851.1
chr4	120772605	120772697	120772697	120772697	-	Mir30e	NR_029602.1
chr4	120973258	120973322	120973322	120973322	-	Mir7015	NR_105982.1
chr4	123616419	123616521	123616521	123616521	+	Mir6398	NR_105824.1
chr4	124731693	124731802	124731802	124731802	+	Mir697	NR_030479.1
chr4	124743780	124743889	124743889	124743889	+	Mir698	NR_030480.1
chr4	125504748	125504857	125504857	125504857	+	Mir692-2	NR_109835.1
chr4	126559859	126559918	126559918	126559918	+	Mir7119	NR_106067.1
chr4	129557682	129557811	129557811	129557811	-	Mir8119	NR_106199.1
chr4	129684499	129684571	129684571	129684571	-	Mir7016	NR_105983.1
chr4	133195654	133195716	133195716	133195716	+	Mir7017	NR_105984.1
chr4	133369775	133369864	133369864	133369864	+	Mir5122	NR_039582.1
chr4	133717049	133717108	133717108	133717108	-	Mir7227	NR_106086.1
chr4	134567722	134567851	134567851	134567851	-	Mir6403	NR_105829.1
chr4	135416554	135416633	135416633	135416633	-	Mir700	NR_030481.1
chr4	137538285	137538370	137538370	137538370	+	Mir7018	NR_105985.1
chr4	138163208	138163292	138163292	138163292	+	Mir6399	NR_105825.1
chr4	138316131	138316200	138316200	138316200	-	Mir7019	NR_105986.1
chr4	139644041	139644111	139644111	139644111	+	Mir7020	NR_105987.1
chr4	139967525	139967620	139967620	139967620	-	Mir2139	NR_035519.1
chr4	143136099	143136162	143136162	143136162	-	Mir7021	NR_105988.1
chr4	148146935	148146996	148146996	148146996	-	Mir7022	NR_105989.1
chr4	149537862	149537922	149537922	149537922	+	Mir5616	NR_049189.1
chr4	149655503	149655567	149655567	149655567	-	Mir7023	NR_105990.1
chr4	150068453	150068555	150068555	150068555	+	Mir34a	NR_029751.1
chr4	156053904	156053987	156053987	156053987	-	Mir429	NR_029958.1
chr4	156054895	156054985	156054985	156054985	-	Mir200a	NR_029723.1
chr4	156055680	156055750	156055750	156055750	-	Mir200b	NR_029587.1
chr4	156230058	156230115	156230115	156230115	-	Mir7658	NR_106118.1
chr5	9375703	9375779	9375779	9375779	+	Mir879	NR_030537.1
chr5	24592113	24592211	24592211	24592211	+	Mir671	NR_030423.1
chr5	30170738	30170816	30170816	30170816	+	Mir1960	NR_035486.1
chr5	30647935	30648015	30648015	30648015	+	Mir5625	NR_049199.1
chr5	31667230	31667340	31667340	31667340	-	Mir3473e	NR_105859.1
chr5	33898909	33898971	33898971	33898971	-	Mir7024	NR_105991.1
chr5	34574150	34574213	34574213	34574213	+	Mir7036b	NR_106111.1
chr5	34732852	34732972	34732972	34732972	-	Mir467g	NR_130328.1
chr5	35021048	35021115	35021115	35021115	+	Mir3097	NR_037280.1
chr5	36301569	36301628	36301628	36301628	+	Mir7689	NR_106162.1
chr5	41891341	41891423	41891423	41891423	+	Mir6414	NR_105842.1
chr5	48223941	48224051	48224051	48224051	+	Mir218-1	NR_029798.1
chr5	50252761	50252868	50252868	50252868	+	Mir8117	NR_106197.1
chr5	52135901	52136017	52136017	52136017	-	Mir6417	NR_105845.1
chr5	64970317	64970395	64970395	64970395	+	Mir574	NR_030577.1
chr5	75176830	75176904	75176904	75176904	+	Mir7025	NR_105992.1
chr5	77272756	77272838	77272838	77272838	+	Mir5098	NR_039557.1
chr5	82798943	82799065	82799065	82799065	-	Mir1187	NR_035415.1
chr5	87595901	87595993	87595993	87595993	-	Mir3969	NR_039550.1
chr5	92458556	92458656	92458656	92458656	+	Mir6415	NR_105843.1
chr5	92788450	92788562	92788562	92788562	-	Mir1961	NR_035487.1
chr5	98475555	98475664	98475664	98475664	-	Mir703	NR_030484.1
chr5	104048002	104048063	104048063	104048063	+	Mir5619	NR_049192.1
chr5	110666074	110666141	110666141	110666141	-	Mir7026	NR_105993.1
chr5	111004143	111004252	111004252	111004252	+	Mir701	NR_030482.1
chr5	113324492	113324545	113324545	113324545	-	Mir7229	NR_106088.1
chr5	113337589	113337645	113337645	113337645	-	Mir7230	NR_106089.1
chr5	114404467	114404539	114404539	114404539	+	Mir7027	NR_105994.1
chr5	114719514	114719578	114719578	114719578	+	Mir7028	NR_105995.1
chr5	114851947	114852064	114852064	114852064	+	Mir6240	NR_105748.1
chr5	115580948	115581009	115581009	115581009	+	Mir7029	NR_105996.1
chr5	115645572	115645632	115645632	115645632	+	Mir7030	NR_105997.1
chr5	121819208	121819273	121819273	121819273	-	Mir7031	NR_105998.1
chr5	122682596	122682715	122682715	122682715	+	Mir8115	NR_106195.1
chr5	123522636	123522695	123522695	123522695	-	Mir7647	NR_106105.1
chr5	123996851	123996930	123996930	123996930	+	Mir7032	NR_105999.1
chr5	134326453	134326522	134326522	134326522	+	Mir3965	NR_039544.1
chr5	134572075	134572114	134572114	134572114	+	Mir7228	NR_106087.1
chr5	135383729	135383810	135383810	135383810	-	Mir7033	NR_106000.1
chr5	135735805	135735889	135735889	135735889	-	Mir7034	NR_106001.1
chr5	136105521	136105603	136105603	136105603	+	Mir7035	NR_106002.1
chr5	136375715	136375803	136375803	136375803	-	Mir721	NR_030500.1
chr5	136991432	136991541	136991541	136991541	+	Mir702	NR_030483.1
chr5	137293779	137293876	137293876	137293876	+	Mir8116	NR_106196.1
chr5	137296623	137296688	137296688	137296688	-	Mir7036	NR_106003.1
chr5	137529479	137529594	137529594	137529594	-	Mir6418	NR_105846.1
chr5	138165320	138165404	138165404	138165404	-	Mir25	NR_029787.1
chr5	138165522	138165610	138165610	138165610	-	Mir93	NR_029749.1
chr5	138165736	138165818	138165818	138165818	-	Mir106b	NR_029658.1
chr5	139369649	139369745	139369745	139369745	-	Mir339	NR_029768.1
chr5	139767878	139767943	139767943	139767943	-	Mir7037	NR_106004.1
chr5	140427338	140427409	140427409	140427409	+	Mir7038	NR_106005.1
chr5	144896731	144896816	144896816	144896816	-	Mir7039	NR_106006.1
chr5	147283188	147283298	147283298	147283298	-	Mir7k	NR_105854.1
chr6	128974839	128974895	128974895	128974895	-	Mir7649	NR_106107.1
chr6	3721300	3721385	3721385	3721385	-	Mir653	NR_030612.1
chr6	3721896	3722003	3722003	3722003	-	Mir489	NR_030250.1
chr6	19555341	19555461	19555461	19555461	+	Mir6370	NR_105789.1
chr6	27936654	27936750	27936750	27936750	-	Mir592	NR_030420.1
chr6	29022618	29022691	29022691	29022691	+	Mir129-1	NR_029567.1
chr6	30165917	30165992	30165992	30165992	-	Mir182	NR_029569.1
chr6	30169445	30169551	30169551	30169551	-	Mir96	NR_029750.1
chr6	30169667	30169737	30169737	30169737	-	Mir183	NR_030713.1
chr6	30741298	30741396	30741396	30741396	+	Mir335	NR_029900.1
chr6	31062659	31062747	31062747	31062747	-	Mir29a	NR_029744.1
chr6	31063022	31063093	31063093	31063093	-	Mir29b-1	NR_029532.1
chr6	36421741	36421825	36421825	36421825	+	Mir490	NR_030524.1
chr6	38507324	38507393	38507393	38507393	+	Mir7670	NR_106130.1
chr6	47803575	47803652	47803652	47803652	-	Mir704	NR_030485.1
chr6	50572397	50572508	50572508	50572508	+	Mir6371	NR_105790.1
chr6	51269811	51269910	51269910	51269910	-	Mir148a	NR_029719.1
chr6	52230080	52230165	52230165	52230165	-	Mir196b	NR_029912.1
chr6	71271670	71271801	71271801	71271801	+	Mir8112	NR_106192.1
chr6	81895589	81895663	81895663	81895663	-	Mir7232	NR_106091.1
chr6	81896598	81896676	81896676	81896676	-	Mir468	NR_030151.1
chr6	83049710	83049773	83049773	83049773	+	Mir7040	NR_106007.1
chr6	83090310	83090387	83090387	83090387	-	Mir3470a	NR_037301.1
chr6	83400995	83401102	83401102	83401102	-	Mir6374	NR_105793.1
chr6	85336291	85336373	85336373	85336373	-	Mir705	NR_030486.1
chr6	85790139	85790234	85790234	85790234	-	Mir6375	NR_105794.1
chr6	88104127	88104258	88104258	88104258	-	Mir6376	NR_105795.1
chr6	94606363	94606415	94606415	94606415	-	Mir7041	NR_106008.1
chr6	102794383	102794485	102794485	102794485	+	Mir6373	NR_105792.1
chr6	108489742	108489803	108489803	108489803	+	Mir7661	NR_106121.1
chr6	113707207	113707265	113707265	113707265	+	Mir7042	NR_106009.1
chr6	115775656	115775719	115775719	115775719	+	Mir7660	NR_106120.1
chr6	116645977	116646047	116646047	116646047	-	Mir7043	NR_106010.1
chr6	118085191	118085263	118085263	118085263	+	Mir7044	NR_106011.1
chr6	120034227	120034311	120034311	120034311	-	Mir706	NR_030487.1
chr6	122831376	122831437	122831437	122831437	+	Mir7231	NR_106090.1
chr6	124717913	124717985	124717985	124717985	-	Mir141	NR_029554.1
chr6	124718321	124718390	124718390	124718390	-	Mir200c	NR_029792.1
chr6	125097023	125097086	125097086	125097086	+	Mir7045	NR_106012.1
chr6	125195791	125195878	125195878	125195878	+	Mir3098	NR_037281.1
chr6	125234683	125234812	125234812	125234812	-	Mir8113	NR_106193.1
chr6	127788083	127788143	127788143	127788143	-	Mir7233	NR_106092.1
chr6	129691534	129691643	129691643	129691643	+	Mir680-1	NR_030447.1
chr7	3218625	3218708	3218708	3218708	+	Mir290a	NR_029640.1
chr7	3218637	3218695	3218695	3218695	-	Mir290b	NR_106158.1
chr7	3218918	3219000	3219000	3219000	+	Mir291a	NR_029641.1
chr7	3219188	3219270	3219270	3219270	+	Mir292	NR_029642.1
chr7	3219197	3219259	3219259	3219259	-	Mir292b	NR_106140.1
chr7	3219481	3219560	3219560	3219560	+	Mir291b	NR_030276.1
chr7	3220342	3220422	3220422	3220422	+	Mir293	NR_029643.1
chr7	3220640	3220724	3220724	3220724	+	Mir294	NR_029644.1
chr7	3220772	3220841	3220841	3220841	+	Mir295	NR_029645.1
chr7	3655961	3656047	3656047	3656047	+	Mir3572	NR_039587.1
chr7	6803586	6803670	6803670	6803670	+	Mir3099	NR_037213.1
chr7	7298890	7298946	7298946	7298946	+	Mir5620	NR_049193.1
chr7	10958436	10958512	10958512	10958512	-	Mir297-1	NR_029647.1
chr7	19086827	19086892	19086892	19086892	+	Mir3100	NR_037282.1
chr7	19181464	19181562	19181562	19181562	+	Mir330	NR_029763.1
chr7	19386642	19386717	19386717	19386717	+	Mir343	NR_030759.1
chr7	24970009	24970075	24970075	24970075	-	Mir7046	NR_106013.1
chr7	24987603	24987667	24987667	24987667	-	Mir7047	NR_106014.1
chr7	25097065	25097175	25097175	25097175	-	Mir6537	NR_105855.1
chr7	25217667	25217725	25217725	25217725	-	Mir7048	NR_106015.1
chr7	27176005	27176093	27176093	27176093	-	Mir3101	NR_037283.1
chr7	27205535	27205655	27205655	27205655	+	Mir1191	NR_035422.1
chr7	28560924	28560984	28560984	28560984	-	Mir7049	NR_106016.1
chr7	29083635	29083694	29083694	29083694	-	Mir1963	NR_035489.1
chr7	29773293	29773376	29773376	29773376	+	Mir1964	NR_035490.1
chr7	29906508	29906567	29906567	29906567	+	Mir7668	NR_106128.1
chr7	30589379	30589437	30589437	30589437	+	Mir3569	NR_106134.1
chr7	31040257	31040317	31040317	31040317	-	Mir7050	NR_106017.1
chr7	43457496	43457569	43457569	43457569	+	Mir7051	NR_106018.1
chr7	44470346	44470411	44470411	44470411	+	Mir7052	NR_106019.1
chr7	44538105	44538178	44538178	44538178	-	Mir7053	NR_106020.1
chr7	44849698	44849771	44849771	44849771	+	Mir707	NR_030488.1
chr7	45012425	45012487	45012487	45012487	-	Mir7054	NR_106021.1
chr7	45121756	45121821	45121821	45121821	+	Mir150	NR_029560.1
chr7	45126917	45126991	45126991	45126991	-	Mir5121	NR_039581.1
chr7	45173302	45173361	45173361	45173361	+	Mir7055	NR_106022.1
chr7	47083165	47083224	47083224	47083224	-	Mir7056	NR_106023.1
chr7	53891760	53891889	53891889	53891889	-	Mir6238	NR_105746.1
chr7	57581060	57581162	57581162	57581162	+	Mir6389	NR_105812.1
chr7	61683123	61683192	61683192	61683192	-	Mir344d-1	NR_037215.1
chr7	61685271	61685351	61685351	61685351	-	Mir344d-2	NR_037216.1
chr7	61726248	61726328	61726328	61726328	-	Mir344d-3	NR_037209.1
chr7	61735536	61735602	61735602	61735602	-	Mir344e	NR_037284.1
chr7	61739349	61739409	61739409	61739409	-	Mir344h-1	NR_049201.1
chr7	61742365	61742425	61742425	61742425	-	Mir344h-2	NR_049202.1
chr7	61790518	61790581	61790581	61790581	-	Mir344b	NR_037285.1
chr7	61837310	61837402	61837402	61837402	-	Mir344c	NR_037286.1
chr7	61877769	61877864	61877864	61877864	-	Mir344	NR_029772.1
chr7	61940026	61940106	61940106	61940106	-	Mir344-2	NR_030557.1
chr7	61982288	61982359	61982359	61982359	-	Mir344g	NR_037287.1
chr7	62046180	62046248	62046248	62046248	-	Mir344f	NR_037288.1
chr7	62085222	62085310	62085310	62085310	-	Mir344i	NR_049204.1
chr7	64205805	64205911	64205911	64205911	+	Mir211	NR_029805.1
chr7	64249982	64250099	64250099	64250099	-	Mir6416	NR_105844.1
chr7	66381666	66381724	66381724	66381724	-	Mir7057	NR_106024.1
chr7	73819589	73819641	73819641	73819641	+	Mir7234	NR_106093.1
chr7	78888276	78888373	78888373	78888373	+	Mir7-2	NR_029826.1
chr7	79505263	79505353	79505353	79505353	+	Mir9-3	NR_029818.1
chr7	81529915	81529988	81529988	81529988	+	Mir1839	NR_035501.1
chr7	96249423	96249532	96249532	96249532	+	Mir708	NR_030489.1
chr7	96305666	96305765	96305765	96305765	+	Mir6394	NR_105818.1
chr7	99552268	99552363	99552363	99552363	+	Mir326	NR_029760.1
chr7	100882305	100882409	100882409	100882409	-	Mir3102	NR_037289.1
chr7	101475375	101475443	101475443	101475443	+	Mir139	NR_029791.1
chr7	126367970	126368045	126368045	126368045	-	Mir7058	NR_106025.1
chr7	126579473	126579532	126579532	126579532	-	Mir7059	NR_106026.1
chr7	127489250	127489387	127489387	127489387	+	Mir7060	NR_106027.1
chr7	127708486	127708562	127708562	127708562	+	Mir762	NR_030428.1
chr7	128288368	128288435	128288435	128288435	-	Mir3103	NR_037290.1
chr7	130908267	130908335	130908335	130908335	+	Mir7061	NR_106028.1
chr7	135566161	135566282	135566282	135566282	+	Mir1962	NR_035488.1
chr7	139779017	139779126	139779126	139779126	+	Mir6401	NR_105827.1
chr7	139957565	139957622	139957622	139957622	-	Mir7686	NR_106157.1
chr7	139957688	139957760	139957760	139957760	-	Mir202	NR_029589.1
chr7	139986808	139986874	139986874	139986874	-	Mir7062	NR_106029.1
chr7	141221383	141221493	141221493	141221493	-	Mir210	NR_029793.1
chr7	141620700	141620791	141620791	141620791	+	Mir7063	NR_106030.1
chr7	141992178	141992241	141992241	141992241	+	Mir3104	NR_037291.1
chr7	142577063	142577147	142577147	142577147	-	Mir675	NR_030416.1
chr7	142654923	142654996	142654996	142654996	-	Mir483	NR_030251.1
chr7	143570670	143570759	143570759	143570759	-	Mir7064	NR_106031.1
chr7	143933114	143933208	143933208	143933208	+	Mir6404	NR_105830.1
chr7	144009253	144009338	144009338	144009338	+	Mir3105	NR_037292.1
chr8	8690092	8690162	8690162	8690162	-	Mir7654	NR_106114.1
chr8	11635693	11635736	11635736	11635736	-	Mir7238	NR_106097.1
chr8	13136071	13136132	13136132	13136132	+	Mir7065	NR_106032.1
chr8	13189030	13189098	13189098	13189098	-	Mir1968	NR_035494.1
chr8	16168756	16168838	16168838	16168838	-	Mir3106	NR_037214.1
chr8	23142554	23142682	23142682	23142682	+	Mir486	NR_030254.1
chr8	23142572	23142662	23142662	23142662	-	Mir3107	NR_037293.1
chr8	25159124	25159233	25159233	25159233	-	Mir8108	NR_106187.1
chr8	34166621	34166712	34166712	34166712	-	Mir6395	NR_105820.1
chr8	38252132	38252202	38252202	38252202	-	Mir383	NR_029884.1
chr8	40307874	40307929	40307929	40307929	-	Mir7666	NR_106126.1
chr8	64514331	64514441	64514441	64514441	-	Mir710	NR_030491.1
chr8	70102523	70102586	70102586	70102586	-	Mir7066	NR_106033.1
chr8	70798134	70798192	70798192	70798192	+	Mir7240	NR_106099.1
chr8	70895507	70895570	70895570	70895570	-	Mir7067	NR_106034.1
chr8	70925524	70925618	70925618	70925618	+	Mir1969	NR_035495.1
chr8	71631046	71631106	71631106	71631106	-	Mir6769b	NR_106035.1
chr8	72470015	72470089	72470089	72470089	-	Mir7068	NR_106036.1
chr8	73016511	73016591	73016591	73016591	+	Mir28b	NR_039551.1
chr8	83723877	83723984	83723984	83723984	-	Mir1668	NR_106188.1
chr8	84005627	84005764	84005764	84005764	+	Mir8111	NR_106191.1
chr8	84011514	84011633	84011633	84011633	-	Mir1199	NR_035431.1
chr8	84086098	84086186	84086186	84086186	+	Mir709	NR_030490.1
chr8	84178715	84178787	84178787	84178787	-	Mir181d	NR_030534.1
chr8	84178872	84178961	84178961	84178961	-	Mir181c	NR_029821.1
chr8	84208517	84208592	84208592	84208592	+	Mir23a	NR_029740.1
chr8	84208671	84208758	84208758	84208758	+	Mir27a	NR_029746.1
chr8	84208814	84208921	84208921	84208921	+	Mir24-2	NR_029741.1
chr8	84208824	84208907	84208907	84208907	-	Mir3074-2	NR_037294.1
chr8	84867946	84868008	84868008	84868008	+	Mir7069	NR_106037.1
chr8	85062085	85062171	85062171	85062171	+	Mir7070	NR_106038.1
chr8	85700904	85701021	85701021	85701021	+	Mir8109	NR_106189.1
chr8	88138205	88138274	88138274	88138274	+	Mir7071	NR_106039.1
chr8	89024734	89024831	89024831	89024831	+	Mir8110	NR_106190.1
chr8	94324310	94324381	94324381	94324381	+	Mir138-2	NR_029552.1
chr8	94505045	94505105	94505105	94505105	+	Mir7072	NR_106040.1
chr8	95753150	95753214	95753214	95753214	-	Mir7073	NR_106041.1
chr8	105308363	105308460	105308460	105308460	-	Mir328	NR_029761.1
chr8	105615465	105615573	105615573	105615573	+	Mir1966	NR_035492.1
chr8	105951636	105951699	105951699	105951699	-	Mir7074	NR_106042.1
chr8	107096024	107096106	107096106	107096106	-	Mir7075	NR_106043.1
chr8	107551243	107551313	107551313	107551313	+	Mir140	NR_029553.1
chr8	108936859	108936938	108936938	108936938	+	Mir3108	NR_037295.1
chr8	111016449	111016530	111016530	111016530	-	Mir3473d	NR_039583.1
chr8	111689600	111689674	111689674	111689674	-	Mir7076	NR_106044.1
chr8	117453022	117453079	117453079	117453079	+	Mir7077	NR_106045.1
chr8	117459264	117459328	117459328	117459328	+	Mir7078	NR_106046.1
chr8	120538695	120538754	120538754	120538754	+	Mir7687	NR_106159.1
chr8	121978023	121978086	121978086	121978086	+	Mir7237	NR_106096.1
chr8	122622264	122622375	122622375	122622375	-	Mir6396	NR_105821.1
chr8	123104974	123105043	123105043	123105043	+	Mir7079	NR_106047.1
chr8	123130105	123130172	123130172	123130172	+	Mir7080	NR_106048.1
chr8	124022640	124022722	124022722	124022722	+	Mir1967	NR_035493.1
chr8	128278147	128278225	128278225	128278225	-	Mir21c	NR_105822.1
chr8	128359240	128359320	128359320	128359320	+	Mir1903	NR_035436.1
chr9	3038668	3038743	3038743	3038743	-	Mir101c	NR_039546.1
chr9	7784389	7784440	7784440	7784440	+	Mir5618	NR_049191.1
chr9	8246785	8246881	8246881	8246881	+	Mir1899	NR_035437.1
chr9	9894430	9894521	9894521	9894521	+	Mir6237	NR_105745.1
chr9	20914089	20914164	20914164	20914164	-	Mir7081	NR_106049.1
chr9	21032250	21032328	21032328	21032328	-	Mir1900	NR_035438.1
chr9	21075496	21075588	21075588	21075588	-	Mir7082	NR_106050.1
chr9	21496494	21496564	21496564	21496564	-	Mir199a-1	NR_029585.1
chr9	21613443	21613576	21613576	21613576	-	Mir1946b	NR_035496.1
chr9	21809940	21810000	21810000	21810000	-	Mir7083	NR_106051.1
chr9	22113943	22114013	22114013	22114013	-	Mir7084	NR_106052.1
chr9	41531424	41531504	41531504	41531504	+	Mir100	NR_029790.1
chr9	41536715	41536811	41536811	41536811	+	Mirlet7a-2	NR_029726.1
chr9	41581925	41582002	41582002	41582002	+	Mir125b-1	NR_029822.1
chr9	44400422	44400488	44400488	44400488	+	Mir7085	NR_106053.1
chr9	45266642	45266707	45266707	45266707	-	Mir7086	NR_106054.1
chr9	45939520	45939590	45939590	45939590	-	Mir7087	NR_106055.1
chr9	51103033	51103110	51103110	51103110	-	Mir34c	NR_029654.1
chr9	51103561	51103645	51103645	51103645	-	Mir34b	NR_029655.1
chr9	52115622	52115739	52115739	52115739	+	Mir6244	NR_105750.1
chr9	53400804	53400886	53400886	53400886	-	Mir130c	NR_105807.1
chr9	54708312	54708381	54708381	54708381	+	Mir5710	NR_049206.1
chr9	58221149	58221254	58221254	58221254	+	Mir6385	NR_105806.1
chr9	62122517	62122594	62122594	62122594	-	Mir5133	NR_039595.1
chr9	67236659	67236726	67236726	67236726	-	Mir190a	NR_029576.1
chr9	67727716	67727780	67727780	67727780	-	Mir7241	NR_106100.1
chr9	67729498	67729577	67729577	67729577	-	Mir7242	NR_106101.1
chr9	69456943	69457031	69457031	69457031	+	Mir3109	NR_037296.1
chr9	70405693	70405753	70405753	70405753	-	Mir5626	NR_049200.1
chr9	89802259	89802328	89802328	89802328	-	Mir184	NR_029570.1
chr9	92267257	92267361	92267361	92267361	-	Mir6386	NR_105808.1
chr9	94751828	94751890	94751890	94751890	+	Mir7656	NR_106116.1
chr9	102304923	102304975	102304975	102304975	-	Mir7243	NR_106163.1
chr9	104426112	104426187	104426187	104426187	+	Mir2136	NR_035516.1
chr9	106154123	106154213	106154213	106154213	+	Mir135a-1	NR_029549.1
chr9	106178839	106178927	106178927	106178927	+	Mirlet7g	NR_029526.1
chr9	108081497	108081583	108081583	108081583	+	Mir7088	NR_106056.1
chr9	108568318	108568392	108568392	108568392	+	Mir191	NR_029577.1
chr9	108568776	108568861	108568861	108568861	+	Mir425	NR_029947.1
chr9	108969921	108970003	108970003	108970003	+	Mir711	NR_030492.1
chr9	109889642	109889710	109889710	109889710	+	Mir7089	NR_106057.1
chr9	110281286	110281409	110281409	110281409	+	Mir6236	NR_105744.1
chr9	110635998	110636115	110636115	110636115	-	Mir8107	NR_106186.1
chr9	112118635	112118711	112118711	112118711	-	Mir128-2	NR_029823.1
chr9	115381818	115381939	115381939	115381939	+	Mir467h	NR_130329.1
chr9	119031795	119031885	119031885	119031885	+	Mir26a-1	NR_029742.1
chr9	120955085	120955147	120955147	120955147	+	Mir7090	NR_106058.1
chr9	122273889	122274028	122274028	122274028	-	Mir8106	NR_106185.1
chr9	122682875	122682974	122682974	122682974	+	Mir138-1	NR_029819.1
chrX	7237682	7237774	7237774	7237774	-	Mir500	NR_030495.1
chrX	7241242	7241351	7241351	7241351	-	Mir501	NR_030496.1
chrX	7241981	7242046	7242046	7242046	-	Mir362	NR_029851.1
chrX	7247988	7248056	7248056	7248056	-	Mir188	NR_029574.1
chrX	7248401	7248497	7248497	7248497	-	Mir532	NR_030242.1
chrX	7807100	7807221	7807221	7807221	+	Mir1198	NR_035430.1
chrX	19146293	19146388	19146388	19146388	-	Mir221	NR_029806.1
chrX	19146892	19146971	19146971	19146971	-	Mir222	NR_029807.1
chrX	20863125	20863182	20863182	20863182	-	Mir5617	NR_049190.1
chrX	38210440	38210520	38210520	38210520	+	Mir3110	NR_037297.1
chrX	52378120	52378181	52378181	52378181	-	Mir6384	NR_105805.1
chrX	52422406	52422515	52422515	52422515	-	Mir717	NR_030497.1
chrX	52741692	52741767	52741767	52741767	-	Mir363	NR_029853.1
chrX	52741837	52741928	52741928	52741928	-	Mir92-2	NR_029748.1
chrX	52741982	52742066	52742066	52742066	-	Mir19b-2	NR_029715.1
chrX	52742112	52742192	52742192	52742192	-	Mir20b	NR_030273.1
chrX	52742330	52742413	52742413	52742413	-	Mir18b	NR_030548.1
chrX	52742502	52742567	52742567	52742567	-	Mir106a	NR_029657.1
chrX	53047996	53048078	53048078	53048078	-	Mir450b	NR_030498.1
chrX	53048153	53048244	53048244	53048244	-	Mir450-1	NR_029963.1
chrX	53048298	53048367	53048367	53048367	-	Mir450-2	NR_030274.1
chrX	53049402	53049487	53049487	53049487	-	Mir542	NR_030264.1
chrX	53053254	53053353	53053353	53053353	-	Mir351	NR_029776.1
chrX	53053983	53054054	53054054	53054054	-	Mir503	NR_030275.1
chrX	53054254	53054349	53054349	53054349	-	Mir322	NR_029756.1
chrX	56587851	56587914	56587914	56587914	-	Mir5116	NR_039576.1
chrX	59097657	59097736	59097736	59097736	-	Mir504	NR_030574.1
chrX	60394402	60394492	60394492	60394492	-	Mir505	NR_030499.1
chrX	66776756	66776818	66776818	66776818	-	Mir743	NR_030532.1
chrX	66777255	66777332	66777332	66777332	-	Mir743b	NR_030535.1
chrX	66780372	66780437	66780437	66780437	-	Mir742	NR_030531.1
chrX	66780757	66780833	66780833	66780833	-	Mir883a	NR_030541.1
chrX	66789889	66789967	66789967	66789967	-	Mir883b	NR_030542.1
chrX	66792594	66792661	66792661	66792661	-	Mir471	NR_030154.1
chrX	66796804	66796875	66796875	66796875	-	Mir741	NR_030530.1
chrX	66799222	66799297	66799297	66799297	-	Mir463	NR_030147.1
chrX	66800529	66800607	66800607	66800607	-	Mir880	NR_030538.1
chrX	66801507	66801585	66801585	66801585	-	Mir878	NR_030603.1
chrX	66801943	66802021	66802021	66802021	-	Mir881	NR_030539.1
chrX	66810427	66810504	66810504	66810504	-	Mir871	NR_030536.1
chrX	66813950	66814025	66814025	66814025	-	Mir470	NR_030153.1
chrX	66822655	66822713	66822713	66822713	-	Mir465d	NR_106148.1
chrX	66825954	66826035	66826035	66826035	-	Mir465c-1	NR_030562.1
chrX	66829201	66829280	66829280	66829280	-	Mir465b-1	NR_030560.1
chrX	66832516	66832597	66832597	66832597	-	Mir465c-2	NR_030563.1
chrX	66835763	66835842	66835842	66835842	-	Mir465b-2	NR_030561.1
chrX	66839051	66839125	66839125	66839125	-	Mir465	NR_030149.1
chrX	67988095	67988161	67988161	67988161	-	Mir201	NR_029588.1
chrX	67988373	67988451	67988451	67988451	-	Mir547	NR_030265.1
chrX	68010104	68010179	68010179	68010179	-	Mir509	NR_030575.1
chrX	72261030	72261112	72261112	72261112	-	Mir224	NR_029808.1
chrX	72262223	72262308	72262308	72262308	-	Mir452	NR_029974.1
chrX	72589987	72590094	72590094	72590094	-	Mir767	NR_035528.1
chrX	72591499	72591579	72591579	72591579	-	Mir105	NR_030546.1
chrX	72992078	72992144	72992144	72992144	+	Mir2137	NR_035517.1
chrX	74023527	74023598	74023598	74023598	-	Mir5132	NR_039594.1
chrX	74023848	74023936	74023936	74023936	-	Mir718	NR_030758.1
chrX	74274026	74274105	74274105	74274105	-	Mir7091	NR_106059.1
chrX	74317361	74317429	74317429	74317429	+	Mir7092	NR_106060.1
chrX	88759473	88759553	88759553	88759553	-	Mir1906-2	NR_037313.1
chrX	94274573	94274637	94274637	94274637	+	Mir7673	NR_106133.1
chrX	96242816	96242926	96242926	96242926	+	Mir223	NR_029801.1
chrX	100381096	100381185	100381185	100381185	+	Mir676	NR_030525.1
chrX	103572920	103572996	103572996	103572996	-	Mir421	NR_030558.1
chrX	103573059	103573154	103573154	103573154	-	Mir374b	NR_030418.1
chrX	103573084	103573133	103573133	103573133	+	Mir374c	NR_037298.1
chrX	104116174	104116274	104116274	104116274	-	Mir672	NR_030430.1
chrX	105344281	105344369	105344369	105344369	-	Mir384	NR_029910.1
chrX	105379081	105379179	105379179	105379179	-	Mir325	NR_029759.1
chrX	106309825	106309935	106309935	106309935	+	Mir6382	NR_105803.1
chrX	113074823	113074893	113074893	113074893	-	Mir361	NR_029849.1
chrX	134075315	134075397	134075397	134075397	+	Mir3112	NR_037299.1
chrX	134757630	134757731	134757731	134757731	+	Mir7093	NR_106061.1
chrX	135746715	135746769	135746769	135746769	+	Mir7646	NR_106104.1
chrX	135786113	135786217	135786217	135786217	-	Mir1970	NR_035497.1
chrX	136183244	136183360	136183360	136183360	+	Mir6383	NR_105804.1
chrX	140310947	140311012	140311012	140311012	+	Mir3475	NR_037208.1
chrX	142738999	142739097	142739097	142739097	+	Mir652	NR_030523.1
chrX	144297789	144297899	144297899	144297899	+	Mir680-2	NR_030448.1
chrX	145039343	145039414	145039414	145039414	+	Mir3472	NR_037309.1
chrX	147002258	147002366	147002366	147002366	+	Mir764	NR_030433.1
chrX	147009440	147009527	147009527	147009527	+	Mir1912	NR_037300.1
chrX	147010600	147010686	147010686	147010686	+	Mir1264	NR_037205.1
chrX	147064904	147065002	147065002	147065002	+	Mir1298	NR_037210.1
chrX	147158209	147158321	147158321	147158321	+	Mir448	NR_029956.1
chrX	150547384	150547445	150547445	150547445	-	Mir3620	NR_106147.1
chrX	151859561	151859637	151859637	151859637	+	Mir3113	NR_130340.1
chrX	151912345	151912428	151912428	151912428	+	Mirlet7f-2	NR_029732.1
chrX	151913213	151913321	151913321	151913321	+	Mir98	NR_029753.1
chrX	162874917	162874995	162874995	162874995	-	Mir3473a	NR_037311.1
chr10	80609259	80609329	80609329	80609329	+	Mir6912	NR_105877.1
chr10	7836380	7836474	7836474	7836474	+	Mir5104	NR_039563.1
chr10	20297580	20297688	20297688	20297688	-	Mir6413	NR_105840.1
chr10	22729371	22729432	22729432	22729432	-	Mir7663	NR_106123.1
chr10	24910663	24910733	24910733	24910733	+	Mir6905	NR_105870.1
chr10	41670738	41670793	41670793	41670793	+	Mir3473b	NR_039554.1
chr10	44359675	44359768	44359768	44359768	+	Mir1929	NR_035450.1
chr10	60126775	60126833	60126833	60126833	+	Mir6906	NR_105871.1
chr10	60923022	60923113	60923113	60923113	+	Mir6408	NR_105835.1
chr10	60960722	60960844	60960844	60960844	+	Mir466j	NR_130327.1
chr10	61774736	61774821	61774821	61774821	+	Mir5108	NR_039568.1
chr10	62194166	62194227	62194227	62194227	-	Mir7662	NR_106122.1
chr10	62682507	62682558	62682558	62682558	+	Mir7215	NR_106074.1
chr10	76008925	76009017	76009017	76009017	+	Mir6409	NR_105836.1
chr10	76207325	76207409	76207409	76207409	-	Mir678	NR_030443.1
chr10	77641223	77641307	77641307	77641307	+	Mir1930	NR_035451.1
chr10	78340149	78340207	78340207	78340207	-	Mir7659	NR_106119.1
chr10	78408474	78408545	78408545	78408545	-	Mir6907	NR_105872.1
chr10	78434798	78434902	78434902	78434902	+	Mir6410	NR_105837.1
chr10	78445094	78445157	78445157	78445157	-	Mir6908	NR_105873.1
chr10	79531028	79531090	79531090	79531090	-	Mir6909	NR_105874.1
chr10	79862586	79862652	79862652	79862652	+	Mir6910	NR_105875.1
chr10	80278163	80278232	80278232	80278232	+	Mir6911	NR_105876.1
chr10	80828796	80828870	80828870	80828870	+	Mir1982	NR_035503.1
chr10	81104613	81104673	81104673	81104673	-	Mir5615-1	NR_049186.1
chr10	81104615	81104675	81104675	81104675	+	Mir5615-2	NR_049187.1
chr10	81271596	81271687	81271687	81271687	+	Mir3057	NR_037218.1
chr10	81386346	81386412	81386412	81386412	+	Mir6913	NR_105878.1
chr10	81416239	81416297	81416297	81416297	-	Mir1191b	NR_106141.1
chr10	92072085	92072185	92072185	92072185	-	Mir135a-2	NR_029812.1
chr10	92137139	92137223	92137223	92137223	-	Mir1251	NR_037219.1
chr10	93162784	93162903	93162903	93162903	+	Mir1931	NR_035452.1
chr10	93433106	93433162	93433162	93433162	+	Mir7688	NR_106161.1
chr10	93963767	93963863	93963863	93963863	-	Mir331	NR_029764.1
chr10	94586136	94586199	94586199	94586199	-	Mir7211	NR_106070.1
chr10	95559230	95559321	95559321	95559321	-	Mir3058	NR_037212.1
chr10	97423477	97423562	97423562	97423562	+	Mir3966	NR_039547.1
chr10	101772691	101772772	101772772	101772772	+	Mir3059	NR_037211.1
chr10	104287268	104287376	104287376	104287376	+	Mir6411	NR_105838.1
chr10	120447990	120448110	120448110	120448110	-	Mir763	NR_030434.1
chr10	122648338	122648435	122648435	122648435	+	Mir6412	NR_105839.1
chr10	122679314	122679415	122679415	122679415	+	Mir8104	NR_106182.1
chr10	122985639	122985724	122985724	122985724	-	Mirlet7i	NR_029527.1
chr10	126710281	126710391	126710391	126710391	-	Mir378d	NR_105841.1
chr10	126995529	126995613	126995613	126995613	+	Mir26a-2	NR_029803.1
chr10	126998439	126998560	126998560	126998560	+	Mir546	NR_030259.1
chr10	128085285	128085363	128085363	128085363	+	Mir677	NR_030442.2
chr10	128382837	128382906	128382906	128382906	+	Mir6914	NR_105879.1
chr10	128388831	128388900	128388900	128388900	+	Mir6915	NR_105880.1
chr10	128458679	128458768	128458768	128458768	+	Mir8105	NR_106183.1
chr10	128511967	128512030	128512030	128512030	-	Mir6916	NR_105881.1
chr10	128584436	128584497	128584497	128584497	-	Mir6917	NR_105882.1
chr11	4139363	4139446	4139446	4139446	+	Mir3060	NR_037220.1
chr11	4891344	4891402	4891402	4891402	+	Mir6918	NR_105883.1
chr11	6401629	6401693	6401693	6401693	+	Mir7651	NR_106109.1
chr11	21344587	21344675	21344675	21344675	-	Mir1933	NR_035454.1
chr11	26202239	26202348	26202348	26202348	+	Mir6372	NR_105791.1
chr11	28746190	28746276	28746276	28746276	+	Mir216b	NR_030419.1
chr11	28746197	28746266	28746266	28746266	-	Mir216c	NR_106152.1
chr11	28757011	28757083	28757083	28757083	+	Mir216a	NR_029797.1
chr11	28763727	28763835	28763835	28763835	+	Mir217	NR_029828.1
chr11	35616815	35616925	35616925	35616925	+	Mir218-2	NR_029799.1
chr11	35782395	35782481	35782481	35782481	+	Mir103-1	NR_029754.1
chr11	43374396	43374461	43374461	43374461	-	Mir146	NR_029558.1
chr11	46102269	46102390	46102390	46102390	+	Mir8100	NR_106177.1
chr11	46170086	46170143	46170143	46170143	+	Mir7239	NR_106098.1
chr11	50069701	50069799	50069799	50069799	+	Mir340	NR_029769.1
chr11	50232244	50232306	50232306	50232306	+	Mir6919	NR_105884.1
chr11	50357784	50357879	50357879	50357879	-	Mir804	NR_030529.1
chr11	52126745	52126836	52126836	52126836	+	Mir3061	NR_037221.1
chr11	53409196	53409267	53409267	53409267	+	Mir6920	NR_105885.1
chr11	53763596	53763654	53763654	53763654	-	Mir7671	NR_106131.1
chr11	55501225	55501281	55501281	55501281	+	Mir7652	NR_106112.1
chr11	60200537	60200617	60200617	60200617	-	Mir6921	NR_105886.1
chr11	60202261	60202327	60202327	60202327	-	Mir6922	NR_105887.1
chr11	60728662	60728726	60728726	60728726	+	Mir5100	NR_039559.1
chr11	65734732	65734832	65734832	65734832	-	Mir744	NR_030417.1
chr11	67099803	67099875	67099875	67099875	+	Mir6923	NR_105888.1
chr11	68220891	68221011	68221011	68221011	+	Mir6406	NR_105833.1
chr11	68990573	68990678	68990678	68990678	-	Mir3062	NR_037222.1
chr11	69635399	69635519	69635519	69635519	-	Mir467f	NR_035420.1
chr11	69663042	69663125	69663125	69663125	+	Mir1934	NR_035455.1
chr11	69882031	69882094	69882094	69882094	-	Mir6924	NR_105889.1
chr11	70012042	70012131	70012131	70012131	+	Mir324	NR_029758.1
chr11	70234691	70234816	70234816	70234816	-	Mir497b	NR_106178.1
chr11	70234716	70234800	70234800	70234800	+	Mir497	NR_030444.1
chr11	70235041	70235135	70235135	70235135	+	Mir195a	NR_029581.1
chr11	70438254	70438318	70438318	70438318	+	Mir7115	NR_106064.1
chr11	70705989	70706059	70706059	70706059	+	Mir6925	NR_105890.1
chr11	72388755	72388864	72388864	72388864	+	Mir6338	NR_105756.1
chr11	74868126	74868194	74868194	74868194	-	Mir6926	NR_105891.1
chr11	75173387	75173478	75173478	75173478	+	Mir212	NR_029794.1
chr11	75173681	75173747	75173747	75173747	+	Mir132	NR_029546.1
chr11	75463715	75463810	75463810	75463810	+	Mir22	NR_029739.1
chr11	75551428	75551511	75551511	75551511	+	Mir3971	NR_039553.1
chr11	77078063	77078172	77078172	77078172	-	Mir423	NR_030756.1
chr11	77467517	77467574	77467574	77467574	+	Mir12181	NR_162779.1
chr11	78073004	78073070	78073070	78073070	+	Mir144	NR_029556.1
chr11	78073169	78073241	78073241	78073241	+	Mir451a	NR_029971.1
chr11	78073169	78073241	78073241	78073241	-	Mir451b	NR_105850.1
chr11	78178826	78178887	78178887	78178887	+	Mir7653	NR_106113.1
chr11	79711968	79712034	79712034	79712034	+	Mir193a	NR_029579.1
chr11	79726399	79726511	79726511	79726511	+	Mir365-2	NR_029959.1
chr11	82985002	82985065	82985065	82985065	-	Mir7679	NR_106144.1
chr11	85760615	85760702	85760702	85760702	-	Mir5110	NR_039570.1
chr11	86584066	86584158	86584158	86584158	-	Mir21a	NR_029738.1
chr11	87113003	87113089	87113089	87113089	+	Mir301	NR_029652.1
chr11	87756840	87756955	87756955	87756955	-	Mir142b	NR_106176.1
chr11	87756863	87756927	87756927	87756927	+	Mir142	NR_029555.1
chr11	88352772	88352864	88352864	88352864	+	Mir378b	NR_039545.1
chr11	95963291	95963383	95963383	95963383	-	Mir3063	NR_037223.1
chr11	96265163	96265265	96265265	96265265	+	Mir196a-1	NR_029721.1
chr11	96317164	96317274	96317274	96317274	+	Mir10a	NR_029784.1
chr11	96850392	96850465	96850465	96850465	+	Mir152	NR_029562.1
chr11	97063767	97063874	97063874	97063874	+	Mir8103	NR_106181.1
chr11	97146363	97146419	97146419	97146419	-	Mir7235	NR_106094.1
chr11	97677059	97677130	97677130	97677130	+	Mir6927	NR_105892.1
chr11	97744896	97745035	97745035	97745035	+	Mir8102	NR_106180.1
chr11	98262605	98262662	98262662	98262662	+	Mir5119	NR_039579.1
chr11	100478410	100478480	100478480	100478480	-	Mir7116	NR_130343.1
chr11	101030339	101030409	101030409	101030409	+	Mir6928	NR_105893.1
chr11	101419186	101419253	101419253	101419253	-	Mir6929	NR_105894.1
chr11	102230039	102230150	102230150	102230150	-	Mir8101	NR_106179.1
chr11	102404919	102404987	102404987	102404987	-	Mir6930	NR_105895.1
chr11	102999847	102999921	102999921	102999921	-	Mir6931	NR_105896.1
chr11	106782692	106782759	106782759	106782759	-	Mir3064	NR_037224.1
chr11	107637721	107637779	107637779	107637779	+	Mir6932	NR_105897.1
chr11	107996847	107996916	107996916	107996916	+	Mir7223	NR_106082.1
chr11	115447960	115448060	115448060	115448060	-	Mir3968	NR_039549.1
chr11	115795823	115795886	115795886	115795886	+	Mir5621	NR_049194.1
chr11	117077347	117077457	117077457	117077457	+	Mir6516	NR_105853.1
chr11	118002269	118002350	118002350	118002350	+	Mir6933	NR_105898.1
chr11	119154075	119154137	119154137	119154137	-	Mir6934	NR_105899.1
chr11	119390471	119390561	119390561	119390561	+	Mir1932	NR_035453.1
chr11	120014764	120014862	120014862	120014862	-	Mir338	NR_029767.1
chr11	120014766	120014853	120014853	120014853	+	Mir3065	NR_037225.1
chr11	120347349	120347413	120347413	120347413	-	Mir6935	NR_105900.1
chr11	120624822	120624876	120624876	120624876	-	Mir6936	NR_105901.1
chr11	121387144	121387204	121387204	121387204	-	Mir7236	NR_106095.1
chr12	108658619	108658718	108658718	108658718	+	Mir342	NR_029771.1
chr12	11299886	11299944	11299944	11299944	+	Mir7675	NR_106136.1
chr12	15800993	15801101	15801101	15801101	-	Mir6387	NR_105809.1
chr12	17355391	17355474	17355474	17355474	+	Mir3066	NR_037226.1
chr12	26414900	26415010	26415010	26415010	-	Mir6538	NR_105856.1
chr12	28679324	28679389	28679389	28679389	+	Mir6937	NR_105902.1
chr12	35194810	35194897	35194897	35194897	-	Mir680-3	NR_030449.1
chr12	36816204	36816278	36816278	36816278	+	Mir5099	NR_039558.1
chr12	40222711	40222811	40222811	40222811	-	Mir1938	NR_035459.1
chr12	44210312	44210373	44210373	44210373	+	Mir5627	NR_049203.1
chr12	54645932	54646012	54646012	54646012	-	Mir1892	NR_035439.1
chr12	69763834	69763944	69763944	69763944	-	Mir681	NR_030450.1
chr12	75909102	75909185	75909185	75909185	+	Mir5101	NR_039560.1
chr12	76533133	76533212	76533212	76533212	-	Mir5135	NR_039597.1
chr12	80391612	80391677	80391677	80391677	-	Mir1843a	NR_037207.1
chr12	81166150	81166234	81166234	81166234	+	Mir3067	NR_037227.1
chr12	85245922	85245985	85245985	85245985	-	Mir6938	NR_105903.1
chr12	87437678	87437757	87437757	87437757	-	Mir3068	NR_037228.1
chr12	93927337	93927464	93927464	93927464	+	Mir8099-2	NR_106201.1
chr12	101021672	101021768	101021768	101021768	-	Mir1190	NR_035421.2
chr12	102684927	102685020	102685020	102685020	-	Mir1936	NR_035457.1
chr12	105031076	105031141	105031141	105031141	-	Mir3069	NR_037229.1
chr12	108836972	108837068	108837068	108837068	+	Mir345	NR_029773.1
chr12	109544540	109544620	109544620	109544620	+	Mir1906-1	NR_035440.1
chr12	109563691	109563785	109563785	109563785	+	Mir770	NR_030427.1
chr12	109571989	109572080	109572080	109572080	+	Mir673	NR_030438.1
chr12	109580232	109580315	109580315	109580315	+	Mir493	NR_030573.1
chr12	109585788	109585885	109585885	109585885	+	Mir337	NR_029765.1
chr12	109585812	109585873	109585873	109585873	-	Mir3544	NR_049184.1
chr12	109586079	109586146	109586146	109586146	+	Mir540	NR_030260.1
chr12	109586313	109586407	109586407	109586407	+	Mir665	NR_030425.1
chr12	109587942	109588031	109588031	109588031	+	Mir3070a	NR_037230.1
chr12	109588591	109588680	109588680	109588680	+	Mir3070b	NR_037231.1
chr12	109590446	109590537	109590537	109590537	+	Mir431	NR_029951.1
chr12	109591714	109591838	109591838	109591838	+	Mir433	NR_029952.1
chr12	109592845	109592915	109592915	109592915	+	Mir127	NR_029542.1
chr12	109594505	109594599	109594599	109594599	+	Mir434	NR_029953.1
chr12	109594955	109595030	109595030	109595030	+	Mir432	NR_035526.1
chr12	109595317	109595397	109595397	109595397	-	Mir3071	NR_037232.1
chr12	109595326	109595388	109595388	109595388	+	Mir136	NR_029550.1
chr12	109611499	109611595	109611595	109611595	+	Mir341	NR_029770.1
chr12	109611821	109611941	109611941	109611941	+	Mir1188	NR_035419.1
chr12	109618257	109618336	109618336	109618336	+	Mir370	NR_029918.1
chr12	109682196	109682273	109682273	109682273	+	Mir882	NR_030540.1
chr12	109709059	109709125	109709125	109709125	+	Mir379	NR_029880.1
chr12	109710174	109710256	109710256	109710256	+	Mir411	NR_029916.1
chr12	109710637	109710700	109710700	109710700	+	Mir299a	NR_029650.1
chr12	109710644	109710693	109710693	109710693	-	Mir299b	NR_049185.1
chr12	109711802	109711863	109711863	109711863	+	Mir380	NR_029881.1
chr12	109712316	109712436	109712436	109712436	+	Mir1197	NR_035429.1
chr12	109712507	109712593	109712593	109712593	+	Mir323	NR_029757.1
chr12	109712809	109712890	109712890	109712890	+	Mir758	NR_030421.1
chr12	109713480	109713577	109713577	109713577	+	Mir329	NR_029762.1
chr12	109715317	109715402	109715402	109715402	+	Mir494	NR_030269.1
chr12	109715576	109715650	109715650	109715650	+	Mir679	NR_030445.1
chr12	109715670	109715791	109715791	109715791	+	Mir1193	NR_035424.1
chr12	109717084	109717183	109717183	109717183	+	Mir666	NR_030435.1
chr12	109717257	109717333	109717333	109717333	+	Mir543	NR_030261.1
chr12	109718753	109718816	109718816	109718816	+	Mir495	NR_030446.1
chr12	109720005	109720097	109720097	109720097	+	Mir667	NR_030426.1
chr12	109722717	109722803	109722803	109722803	+	Mir376c	NR_030270.1
chr12	109723217	109723301	109723301	109723301	+	Mir654	NR_030578.1
chr12	109723457	109723539	109723539	109723539	+	Mir376b	NR_029915.1
chr12	109723780	109723848	109723848	109723848	+	Mir376a	NR_029877.1
chr12	109724312	109724391	109724391	109724391	+	Mir300	NR_029651.1
chr12	109726821	109726896	109726896	109726896	+	Mir381	NR_029882.1
chr12	109727332	109727414	109727414	109727414	+	Mir487b	NR_030271.1
chr12	109728128	109728202	109728202	109728202	+	Mir539	NR_030262.1
chr12	109729324	109729402	109729402	109729402	+	Mir544	NR_030610.1
chr12	109733770	109733846	109733846	109733846	+	Mir382	NR_029883.1
chr12	109734138	109734209	109734209	109734209	+	Mir134	NR_029548.1
chr12	109734731	109734797	109734797	109734797	+	Mir668	NR_030424.1
chr12	109734901	109734974	109734974	109734974	+	Mir485	NR_030253.1
chr12	109735618	109735700	109735700	109735700	+	Mir453	NR_030559.1
chr12	109738432	109738498	109738498	109738498	+	Mir154	NR_029564.1
chr12	109739118	109739197	109739197	109739197	+	Mir496a	NR_030437.1
chr12	109740509	109740577	109740577	109740577	+	Mir377	NR_029878.1
chr12	109742408	109742498	109742498	109742498	+	Mir541	NR_030263.1
chr12	109743157	109743236	109743236	109743236	+	Mir409	NR_029913.1
chr12	109743288	109743368	109743368	109743368	+	Mir412	NR_029917.1
chr12	109743417	109743496	109743496	109743496	+	Mir369	NR_030272.1
chr12	109743714	109743795	109743795	109743795	+	Mir410	NR_029914.1
chr12	109747877	109747960	109747960	109747960	+	Mir3072	NR_037233.1
chr12	110278047	110278129	110278129	110278129	-	Mir1247	NR_037204.1
chr12	112109237	112109322	112109322	112109322	+	Mir3073a	NR_037234.1
chr12	112109249	112109309	112109309	112109309	-	Mir3073b	NR_049197.1
chr12	112130879	112130955	112130955	112130955	+	Mir203	NR_029590.1
chr12	112659276	112659351	112659351	112659351	-	Mir6939	NR_105904.1
chr12	112733321	112733391	112733391	112733391	+	Mir6940	NR_105905.1
chr12	112920482	112920541	112920541	112920541	-	Mir6941	NR_105906.1
chr12	114469406	114469466	114469466	114469466	-	Mir7094-1	NR_106062.1
chr12	114513634	114513694	114513694	114513694	-	Mir7094-2	NR_106063.1
chr12	115695719	115695794	115695794	115695794	-	Mir6388	NR_105810.1
chr12	117250816	117250885	117250885	117250885	+	Mir153	NR_029563.1
chr13	17747472	17747593	17747593	17747593	+	Mir466i	NR_035412.1
chr13	21396577	21396638	21396638	21396638	-	Mir6942	NR_105907.1
chr13	21445159	21445240	21445240	21445240	+	Mir1896	NR_035441.1
chr13	21896917	21897049	21897049	21897049	-	Mir1983	NR_035500.1
chr13	24980054	24980118	24980118	24980118	+	Mir12184	NR_162783.1
chr13	28710780	28710873	28710873	28710873	-	Mir6368	NR_105787.1
chr13	40865790	40865862	40865862	40865862	+	Mir5124a	NR_039585.1
chr13	48536011	48536114	48536114	48536114	-	Mirlet7d	NR_029656.1
chr13	48537828	48537917	48537917	48537917	-	Mirlet7f-1	NR_029731.1
chr13	48538178	48538272	48538272	48538272	-	Mirlet7a-1	NR_029725.1
chr13	50544625	50544734	50544734	50544734	-	Mir683-1	NR_030453.1
chr13	50600971	50601080	50601080	50601080	-	Mir683-2	NR_030647.1
chr13	55453105	55453171	55453171	55453171	+	Mir6943	NR_105908.1
chr13	55477680	55477776	55477776	55477776	-	Mir6944	NR_105909.1
chr13	55507624	55507692	55507692	55507692	-	Mir6945	NR_105910.1
chr13	58023124	58023200	58023200	58023200	-	Mir874	NR_030544.1
chr13	58313043	58313149	58313149	58313149	-	Mir6369	NR_105788.1
chr13	58392778	58392886	58392886	58392886	-	Mir7-1	NR_029825.1
chr13	62760738	62760846	62760846	62760846	+	Mir713	NR_030493.1
chr13	63300483	63300557	63300557	63300557	+	Mir23b	NR_029530.1
chr13	63300711	63300784	63300784	63300784	+	Mir27b	NR_029531.1
chr13	63301198	63301283	63301283	63301283	-	Mir3074-1	NR_037235.1
chr13	63301207	63301275	63301275	63301275	+	Mir24-1	NR_029575.1
chr13	71107088	71107209	71107209	71107209	+	Mir466f-4	NR_130325.1
chr13	74407064	74407173	74407173	74407173	+	Mir692-3	NR_035409.1
chr13	75645045	75645141	75645141	75645141	+	Mir682	NR_030451.1
chr13	82698274	82698333	82698333	82698333	-	Mir3961	NR_039537.1
chr13	83738813	83738885	83738885	83738885	+	Mir9-2	NR_029545.1
chr13	93790776	93790837	93790837	93790837	+	Mir5624	NR_049198.1
chr13	109324743	109324824	109324824	109324824	+	Mir582	NR_030644.1
chr13	109903808	109903888	109903888	109903888	+	Mir1904	NR_035442.1
chr13	113035982	113036091	113036091	113036091	+	Mir449c	NR_030452.1
chr13	113037418	113037498	113037498	113037498	+	Mir449b	NR_030602.1
chr13	113037533	113037624	113037624	113037624	+	Mir449a	NR_029961.1
chr14	11282476	11282561	11282561	11282561	+	Mir5124b	NR_105811.1
chr14	20690634	20690703	20690703	20690703	+	Mir6946	NR_105911.1
chr14	24088876	24088930	24088930	24088930	+	Mir7210	NR_106069.1
chr14	25534438	25534523	25534523	25534523	+	Mir3075	NR_037236.1
chr14	26669546	26669608	26669608	26669608	-	Mir7672	NR_106132.1
chr14	29988887	29988952	29988952	29988952	+	Mir6947	NR_105912.1
chr14	30572148	30572208	30572208	30572208	+	Mir3076	NR_037237.1
chr14	34894608	34894706	34894706	34894706	+	Mir346	NR_029774.1
chr14	44947442	44947511	44947511	44947511	-	Mir327	NR_030556.1
chr14	45657960	45658053	45658053	45658053	-	Mir5131	NR_039593.1
chr14	46954829	46954928	46954928	46954928	-	Mir378c	NR_105813.1
chr14	54616676	54616785	54616785	54616785	-	Mir686	NR_030457.1
chr14	54643048	54643110	54643110	54643110	-	Mir6948	NR_105913.1
chr14	54949059	54949142	54949142	54949142	-	Mir208a	NR_029724.1
chr14	54975699	54975776	54975776	54975776	-	Mir208b	NR_030607.1
chr14	56082400	56082468	56082468	56082468	-	Mir6949	NR_105914.1
chr14	57798423	57798487	57798487	57798487	+	Mir3077	NR_037238.1
chr14	60228805	60228915	60228915	60228915	-	Mir719	NR_030458.1
chr14	61631879	61631972	61631972	61631972	-	Mir16-1	NR_029734.1
chr14	61632026	61632110	61632110	61632110	-	Mir15a	NR_029733.1
chr14	62837720	62837857	62837857	62837857	+	Mir8098	NR_106174.1
chr14	62865541	62865651	62865651	62865651	+	Mir6541	NR_105860.1
chr14	63727188	63727267	63727267	63727267	+	Mir598	NR_030611.1
chr14	64590656	64590741	64590741	64590741	+	Mir124a-1	NR_029813.1
chr14	64591184	64591271	64591271	64591271	+	Mir3078	NR_037239.1
chr14	67859635	67859745	67859745	67859745	-	Mir6539	NR_105857.1
chr14	69692247	69692320	69692320	69692320	+	Mir6950	NR_105915.1
chr14	70443509	70443591	70443591	70443591	+	Mir320	NR_029802.1
chr14	73206762	73206851	73206851	73206851	-	Mir687	NR_030459.1
chr14	78191372	78191478	78191478	78191478	-	Mir1971	NR_035499.1
chr14	79738430	79738528	79738528	79738528	+	Mir759	NR_030436.1
chr14	102982548	102982632	102982632	102982632	-	Mir5130	NR_039592.1
chr14	105623641	105623770	105623770	105623770	-	Mir6390	NR_105814.1
chr14	115043670	115043754	115043754	115043754	+	Mir17	NR_029785.1
chr14	115043850	115043946	115043946	115043946	+	Mir18	NR_029736.1
chr14	115043999	115044081	115044081	115044081	+	Mir19a	NR_029786.1
chr14	115044156	115044263	115044263	115044263	+	Mir20a	NR_029737.1
chr14	115044304	115044391	115044391	115044391	+	Mir19b-1	NR_029815.1
chr14	115044426	115044506	115044506	115044506	+	Mir92-1	NR_029816.1
chr14	117953742	117953847	117953847	117953847	-	Mir6239	NR_105747.1
chr14	118258633	118258736	118258736	118258736	+	Mir6241	NR_105749.1
chr14	118592368	118592472	118592472	118592472	-	Mir6391	NR_105815.1
chr15	12171491	12171574	12171574	12171574	+	Mir1898	NR_035443.1
chr15	25948226	25948287	25948287	25948287	+	Mir7212	NR_106071.1
chr15	27571493	27571558	27571558	27571558	+	Mir7117	NR_106065.1
chr15	29713330	29713404	29713404	29713404	-	Mir3964	NR_039542.1
chr15	35660830	35660918	35660918	35660918	-	Mir599	NR_035527.1
chr15	35660969	35661047	35661047	35661047	-	Mir875	NR_030606.1
chr15	36240045	36240164	36240164	36240164	-	Mir8097	NR_106173.1
chr15	38490472	38490547	38490547	38490547	-	Mir6951	NR_105916.1
chr15	50889024	50889114	50889114	50889114	-	Mir1907	NR_035444.1
chr15	53614204	53614279	53614279	53614279	-	Mir28c	NR_039538.1
chr15	68337414	68337510	68337510	68337510	-	Mir30b	NR_029534.1
chr15	68341207	68341289	68341289	68341289	-	Mir30d	NR_029718.1
chr15	73254814	73254882	73254882	73254882	-	Mir151	NR_029561.1
chr15	76064827	76064888	76064888	76064888	-	Mir6952	NR_105917.1
chr15	76215610	76215673	76215673	76215673	-	Mir1942	NR_035463.1
chr15	76248190	76248258	76248258	76248258	+	Mir6953	NR_105918.1
chr15	76290878	76290968	76290968	76290968	-	Mir3079	NR_037240.1
chr15	76433213	76433273	76433273	76433273	+	Mir6954	NR_105919.1
chr15	78284787	78284849	78284849	78284849	-	Mir7676-1	NR_106137.1
chr15	78348598	78348660	78348660	78348660	+	Mir7676-2	NR_106138.1
chr15	78891839	78891913	78891913	78891913	+	Mir6955	NR_105920.1
chr15	79002222	79002284	79002284	79002284	+	Mir6956	NR_105921.1
chr15	79375227	79375300	79375300	79375300	-	Mir1943	NR_035464.1
chr15	79998969	79999026	79999026	79999026	-	Mir7213	NR_106072.1
chr15	80646072	80646136	80646136	80646136	+	Mir6957	NR_105922.1
chr15	80940038	80940120	80940120	80940120	+	Mir5113	NR_039573.1
chr15	82198121	82198190	82198190	82198190	+	Mir33	NR_029804.1
chr15	82393918	82393978	82393978	82393978	-	Mir7684	NR_106153.1
chr15	82959217	82959296	82959296	82959296	-	Mir3080	NR_037241.1
chr15	84168269	84168377	84168377	84168377	+	Mir6392	NR_105816.1
chr15	84951525	84951623	84951623	84951623	-	Mir1249	NR_037206.1
chr15	85706602	85706697	85706697	85706697	+	Mirlet7c-2	NR_029729.1
chr15	85707318	85707403	85707403	85707403	+	Mirlet7b	NR_029727.1
chr15	87795849	87795943	87795943	87795943	-	Mir6393	NR_105817.1
chr15	89162847	89162908	89162908	89162908	-	Mir7118	NR_106066.1
chr15	89185464	89185537	89185537	89185537	-	Mir6958	NR_105923.1
chr15	89305657	89305732	89305732	89305732	-	Mir6959	NR_105924.1
chr15	90224359	90224412	90224412	90224412	+	Mir7648	NR_106106.1
chr15	98519761	98519878	98519878	98519878	-	Mir1291	NR_106171.1
chr15	99080804	99080865	99080865	99080865	+	Mir6960	NR_105925.1
chr15	100649162	100649229	100649229	100649229	-	Mir6961	NR_105926.1
chr15	101193868	101193931	101193931	101193931	+	Mir6962	NR_105927.1
chr15	101369351	101369434	101369434	101369434	+	Mir1941	NR_035462.1
chr15	102671791	102671866	102671866	102671866	-	Mir688	NR_030460.1
chr15	102973349	102973434	102973434	102973434	+	Mir196a-2	NR_029722.1
chr15	103014909	103015001	103015001	103015001	+	Mir615	NR_030526.1
chr15	103285124	103285221	103285221	103285221	+	Mir148b	NR_029766.1
chr15	103350454	103350525	103350525	103350525	-	Mir6963	NR_105928.1
chr16	5215788	5215874	5215874	5215874	-	Mir6364	NR_105783.1
chr16	11254367	11254445	11254445	11254445	-	Mir1945	NR_035466.1
chr16	13449522	13449601	13449601	13449601	+	Mir193b	NR_030549.1
chr16	13453839	13453926	13453926	13453926	+	Mir365-1	NR_029855.1
chr16	13471079	13471180	13471180	13471180	-	Mir6365	NR_105784.1
chr16	14159625	14159692	14159692	14159692	+	Mir484	NR_030252.1
chr16	17124060	17124142	17124142	17124142	-	Mir130b	NR_029659.1
chr16	17124399	17124496	17124496	17124496	-	Mir301b	NR_030415.1
chr16	18165088	18165170	18165170	18165170	-	Mir6366	NR_105785.1
chr16	18284238	18284317	18284317	18284317	-	Mir1306	NR_035467.2
chr16	18327400	18327465	18327465	18327465	-	Mir185	NR_029571.1
chr16	20604451	20604536	20604536	20604536	+	Mir1224	NR_035407.1
chr16	21256012	21256066	21256066	21256066	-	Mir7680	NR_106145.1
chr16	22532055	22532184	22532184	22532184	-	Mir8095	NR_106170.1
chr16	22605325	22605432	22605432	22605432	+	Mir6362	NR_105781.1
chr16	24827854	24827940	24827940	24827940	+	Mir28a	NR_029788.1
chr16	28599934	28600043	28600043	28600043	-	Mir690	NR_030463.1
chr16	32267449	32267583	32267583	32267583	-	Mir1946a	NR_035468.1
chr16	33105360	33105445	33105445	33105445	+	Mir1947	NR_035469.1
chr16	42303361	42303469	42303469	42303469	-	Mir6540	NR_105858.1
chr16	43640654	43640737	43640737	43640737	+	Mir568	NR_030576.1
chr16	44013851	44013977	44013977	44013977	+	Mir3470b	NR_037302.1
chr16	44558045	44558129	44558129	44558129	-	Mir3081	NR_037242.1
chr16	50727131	50727245	50727245	50727245	+	Mir6363	NR_105782.1
chr16	55494730	55494797	55494797	55494797	+	Mir5118	NR_039578.1
chr16	74341989	74342067	74342067	74342067	-	Mir691	NR_030464.1
chr16	77598935	77599000	77599000	77599000	+	Mir99a	NR_029535.1
chr16	77599656	77599750	77599750	77599750	+	Mirlet7c-1	NR_029728.1
chr16	77646272	77646343	77646343	77646343	+	Mir125b-2	NR_029540.1
chr16	84714139	84714204	84714204	84714204	+	Mir155	NR_029565.1
chr16	91527442	91527544	91527544	91527544	-	Mir6367	NR_105786.1
chr16	93369719	93369816	93369816	93369816	+	Mir802	NR_030429.1
chr16	97877232	97877291	97877291	97877291	-	Mir6964	NR_105929.1
chr17	6895228	6895337	6895337	6895337	-	Mir692-1	NR_030465.1
chr17	17830187	17830257	17830257	17830257	+	Mir99b	NR_029536.1
chr17	17830351	17830444	17830444	17830444	+	Mirlet7e	NR_029730.1
chr17	17830811	17830879	17830879	17830879	+	Mir125a	NR_029539.1
chr17	23823290	23823369	23823369	23823369	+	Mir5125	NR_039586.1
chr17	24234526	24234604	24234604	24234604	-	Mir5134	NR_039596.1
chr17	24240883	24240947	24240947	24240947	-	Mir6965	NR_105930.1
chr17	25160502	25160576	25160576	25160576	+	Mir12188	NR_162789.1
chr17	25245550	25245638	25245638	25245638	-	Mir3547	NR_105931.1
chr17	25780807	25780879	25780879	25780879	+	Mir6966	NR_105932.1
chr17	25831364	25831428	25831428	25831428	-	Mir3082	NR_037243.1
chr17	26935471	26935539	26935539	26935539	+	Mir6968	NR_105934.1
chr17	26948055	26948119	26948119	26948119	-	Mir3083	NR_037244.1
chr17	27091244	27091311	27091311	27091311	+	Mir7677	NR_106142.1
chr17	27317034	27317095	27317095	27317095	-	Mir7214	NR_106073.1
chr17	27328384	27328460	27328460	27328460	+	Mir7216	NR_106075.1
chr17	27355737	27355799	27355799	27355799	+	Mir7217	NR_106076.1
chr17	27358096	27358155	27358155	27358155	+	Mir7218	NR_106077.1
chr17	28558440	28558501	28558501	28558501	-	Mir6969	NR_105935.1
chr17	29595537	29595600	29595600	29595600	+	Mir7667	NR_106127.1
chr17	34024982	34025092	34025092	34025092	-	Mir219a-1	NR_029800.1
chr17	34025011	34025071	34025071	34025071	+	Mir219c	NR_106154.1
chr17	34841808	34841871	34841871	34841871	-	Mir6971	NR_105937.1
chr17	34845100	34845167	34845167	34845167	-	Mir6970	NR_105936.1
chr17	34857568	34857632	34857632	34857632	-	Mir6972	NR_105938.1
chr17	35194971	35195049	35195049	35195049	+	Mir6973a	NR_105939.1
chr17	35204474	35204557	35204557	35204557	-	Mir6974	NR_105940.1
chr17	35244074	35244135	35244135	35244135	+	Mir6975	NR_105941.1
chr17	35251288	35251405	35251405	35251405	+	Mir8094	NR_106169.1
chr17	35917888	35917969	35917969	35917969	+	Mir1894	NR_035445.1
chr17	35960729	35960814	35960814	35960814	-	Mir877	NR_030608.1
chr17	46231530	46231619	46231619	46231619	+	Mir693	NR_030466.1
chr17	46553826	46553889	46553889	46553889	-	Mir6976	NR_105942.1
chr17	56242987	56243098	56243098	56243098	+	Mir7b	NR_029827.1
chr17	56418845	56418909	56418909	56418909	-	Mir6977	NR_105943.1
chr17	57217171	57217228	57217228	57217228	-	Mir6978	NR_105944.1
chr17	64440805	64440907	64440907	64440907	+	Mir6420	NR_105848.1
chr17	67026146	67026235	67026235	67026235	-	Mir5709	NR_049205.1
chr17	70860502	70860600	70860600	70860600	-	Mir1195	NR_035427.2
chr18	6490563	6490646	6490646	6490646	-	Mir1893	NR_035446.1
chr18	10782908	10782976	10782976	10782976	-	Mir133a-1	NR_029547.1
chr18	10785445	10785567	10785567	10785567	+	Mir1b	NR_035413.1
chr18	10785480	10785552	10785552	10785552	-	Mir1a-2	NR_029781.1
chr18	11840360	11840438	11840438	11840438	-	Mir1901	NR_035447.1
chr18	12714810	12714895	12714895	12714895	+	Mir1948	NR_035471.1
chr18	23774863	23774989	23774989	23774989	-	Mir6360	NR_105778.1
chr18	24429109	24429170	24429170	24429170	-	Mir187	NR_029573.1
chr18	32880572	32880673	32880673	32880673	-	Mir6361	NR_105779.1
chr18	34759518	34759597	34759597	34759597	+	Mir12191	NR_162793.1
chr18	35554566	35554636	35554636	35554636	+	Mir1949	NR_035472.1
chr18	37854604	37854660	37854660	37854660	-	Mir6979	NR_105945.1
chr18	37974502	37974617	37974617	37974617	-	Mir6981	NR_105947.1
chr18	37990886	37990945	37990945	37990945	-	Mir6980	NR_105946.1
chr18	56538138	56538198	56538198	56538198	+	Mir1258	NR_106160.1
chr18	59579629	59579735	59579735	59579735	+	Mir6355	NR_105773.1
chr18	60812075	60812163	60812163	60812163	+	Mir5107	NR_039567.1
chr18	60953872	60953932	60953932	60953932	+	Mir7220	NR_106079.1
chr18	60958072	60958140	60958140	60958140	+	Mir6982	NR_105948.1
chr18	61117467	61117531	61117531	61117531	+	Mir6983	NR_105949.1
chr18	61397834	61397900	61397900	61397900	-	Mir378a	NR_029879.1
chr18	61647824	61647894	61647894	61647894	-	Mir145a	NR_029557.1
chr18	61649195	61649258	61649258	61649258	-	Mir143	NR_029601.1
chr18	65248860	65248926	65248926	65248926	+	Mir122	NR_029600.1
chr18	65248862	65248921	65248921	65248921	-	Mir122b	NR_162794.1
chr18	66219263	66219333	66219333	66219333	-	Mir694	NR_030467.1
chr18	68260919	68260973	68260973	68260973	-	Mir7219	NR_106078.1
chr18	68739399	68739501	68739501	68739501	+	Mir6356	NR_105774.1
chr18	69022198	69022273	69022273	69022273	-	Mir145b	NR_105780.1
chr18	70516785	70516889	70516889	70516889	+	Mir6357	NR_105775.1
chr18	76170551	76170652	76170652	76170652	+	Mir6358	NR_105776.1
chr18	81992009	81992080	81992080	81992080	-	Mir5127	NR_039589.1
chr18	82720280	82720340	82720340	82720340	+	Mir5112	NR_039572.1
chr18	88972029	88972110	88972110	88972110	+	Mir6359	NR_105777.1
chr19	3288919	3288983	3288983	3288983	+	Mir6984	NR_105950.1
chr19	4263817	4263878	4263878	4263878	-	Mir6985	NR_105951.1
chr19	4623897	4623955	4623955	4623955	-	Mir6986	NR_105952.1
chr19	5679003	5679076	5679076	5679076	-	Mir6987	NR_105953.1
chr19	6051333	6051392	6051392	6051392	+	Mir6988	NR_105954.1
chr19	6134800	6134863	6134863	6134863	-	Mir12193	NR_162796.1
chr19	6264642	6264728	6264728	6264728	+	Mir194-2	NR_029830.1
chr19	6264843	6264932	6264932	6264932	+	Mir192	NR_029720.1
chr19	6346479	6346544	6346544	6346544	+	Mir6989	NR_105955.1
chr19	6829885	6829944	6829944	6829944	-	Mir5046	NR_039555.1
chr19	6914195	6914286	6914286	6914286	-	Mir6990	NR_105956.1
chr19	7422572	7422642	7422642	7422642	+	Mir6991	NR_105957.1
chr19	8742970	8743079	8743079	8743079	+	Mir6992	NR_105958.1
chr19	8888698	8888774	8888774	8888774	-	Mir5136	NR_039598.1
chr19	10191374	10191439	10191439	10191439	+	Mir6993	NR_105959.1
chr19	11923727	11923800	11923800	11923800	+	Mir6994	NR_105960.1
chr19	16314891	16315004	16315004	16315004	-	Mir496b	NR_105832.1
chr19	22750604	22750672	22750672	22750672	+	Mir204	NR_029591.1
chr19	23149430	23149551	23149551	23149551	+	Mir1192	NR_035423.1
chr19	24942234	24942303	24942303	24942303	-	Mir3084-1	NR_037245.1
chr19	29135278	29135375	29135375	29135375	+	Mir101b	NR_029778.1
chr19	33157111	33157201	33157201	33157201	+	Mir3970	NR_039552.1
chr19	34820686	34820773	34820773	34820773	-	Mir107	NR_029783.1
chr19	34965395	34965469	34965469	34965469	+	Mir1950	NR_035473.1
chr19	40894702	40894789	40894789	40894789	+	Mir8092	NR_106167.1
chr19	41588650	41588789	41588789	41588789	+	Mir8091	NR_106166.1
chr19	42280081	42280170	42280170	42280170	-	Mir3085	NR_037246.1
chr19	44303170	44303231	44303231	44303231	+	Mir5114	NR_039574.1
chr19	44808405	44808529	44808529	44808529	+	Mir6405	NR_105831.1
chr19	46342761	46342870	46342870	46342870	+	Mir146b	NR_030468.1
chr19	47273518	47273589	47273589	47273589	-	Mir6995	NR_105961.1
chr19	47755021	47755157	47755157	47755157	-	Mir8090	NR_106165.1
chr19	53010655	53010756	53010756	53010756	-	Mir6407	NR_105834.1
chr19	55192677	55192734	55192734	55192734	+	Mir6715	NR_106146.1
chr19	58051166	58051236	58051236	58051236	+	Mir5623	NR_049196.1
chr19	58911672	58911759	58911759	58911759	-	Mir3086	NR_037247.1
chr19	60774328	60774397	60774397	60774397	-	Mir3084-2	NR_105743.1
chr1_KV575233_fix	205190	205271	205271	205271	-	Mir3473c	NR_039566.1
chr2_KV575236_fix	85937	86016	86016	86016	+	Mir147	NR_030547.1
chr4_GL456053_alt	1252361	1252470	1252470	1252470	+	Mir692-2	NR_109835.1
chr4_GL456053_alt	1552133	1552194	1552194	1552194	-	Mir7022	NR_105989.1
chr4_GL456053_alt	2953064	2953124	2953124	2953124	+	Mir5616	NR_049189.1
chr4_GL456053_alt	3070990	3071054	3071054	3071054	-	Mir7023	NR_105990.1
chr4_JH584324_alt	1157321	1157450	1157450	1157450	-	Mir8119	NR_106199.1
chr4_JH584324_alt	1285409	1285481	1285481	1285481	-	Mir7016	NR_105983.1
chr4_JH584326_alt	376386	376488	376488	376488	+	Mir34a	NR_029751.1
chr6_JH584264_alt	42451	42560	42560	42560	+	Mir680-1	NR_030447.1
chr7_JH792828_fix	217299	217382	217382	217382	+	Mir290a	NR_029640.1
chr7_JH792828_fix	217311	217369	217369	217369	-	Mir290b	NR_106158.1
chr7_JH792828_fix	217592	217674	217674	217674	+	Mir291a	NR_029641.1
chr7_JH792828_fix	217862	217944	217944	217944	+	Mir292	NR_029642.1
chr7_JH792828_fix	217871	217933	217933	217933	-	Mir292b	NR_106140.1
chr7_JH792828_fix	218155	218234	218234	218234	+	Mir291b	NR_030276.1
chr7_JH792828_fix	219016	219096	219096	219096	+	Mir293	NR_029643.1
chr7_JH792828_fix	219314	219398	219398	219398	+	Mir294	NR_029644.1
chr7_JH792828_fix	219446	219515	219515	219515	+	Mir295	NR_029645.1
chr8_KV575240_fix	124299	124357	124357	124357	+	Mir7240	NR_106099.1
chrX_GL456032_alt	92392	92474	92474	92474	-	Mir224	NR_029808.1
chrX_GL456032_alt	93586	93671	93671	93671	-	Mir452	NR_029974.1
chrX_KQ030495_fix	122327	122417	122417	122417	-	Mir505	NR_030499.1
chr11_JH584265_alt	243198	243284	243284	243284	+	Mir301	NR_029652.1
chr11_JH584265_alt	888092	888207	888207	888207	-	Mir142b	NR_106176.1
chr11_JH584265_alt	888115	888179	888179	888179	+	Mir142	NR_029555.1
chr11_JH584327_alt	116529	116618	116618	116618	+	Mir324	NR_029758.1
chr11_JH584327_alt	339199	339324	339324	339324	-	Mir497b	NR_106178.1
chr11_JH584327_alt	339224	339308	339308	339308	+	Mir497	NR_030444.1
chr11_JH584327_alt	339547	339641	339641	339641	+	Mir195a	NR_029581.1
chr11_JH584327_alt	542695	542759	542759	542759	+	Mir7115	NR_106064.1
chr11_JH584327_alt	811473	811543	811543	811543	+	Mir6925	NR_105890.1
chr11_KZ289075_alt	50452	50515	50515	50515	-	Mir7679	NR_106144.1
chr12_KB469740_fix	170595	170675	170675	170675	+	Mir1906-1	NR_035440.1
chr12_KB469740_fix	190297	190391	190391	190391	+	Mir770	NR_030427.1
chr12_KB469740_fix	198595	198686	198686	198686	+	Mir673	NR_030438.1
chr12_KB469740_fix	206838	206921	206921	206921	+	Mir493	NR_030573.1
chr12_KB469740_fix	212394	212491	212491	212491	+	Mir337	NR_029765.1
chr12_KB469740_fix	212418	212479	212479	212479	-	Mir3544	NR_049184.1
chr12_KB469740_fix	212685	212752	212752	212752	+	Mir540	NR_030260.1
chr12_KB469740_fix	212919	213013	213013	213013	+	Mir665	NR_030425.1
chr12_KB469740_fix	214548	214637	214637	214637	+	Mir3070a	NR_037230.1
chr12_KB469740_fix	215197	215286	215286	215286	+	Mir3070b	NR_037231.1
chr12_KB469740_fix	217052	217143	217143	217143	+	Mir431	NR_029951.1
chr12_KB469740_fix	218320	218444	218444	218444	+	Mir433	NR_029952.1
chr12_KB469740_fix	219451	219521	219521	219521	+	Mir127	NR_029542.1
chr12_KB469740_fix	221111	221205	221205	221205	+	Mir434	NR_029953.1
chr12_KB469740_fix	221561	221636	221636	221636	+	Mir432	NR_035526.1
chr12_KB469740_fix	221923	222003	222003	222003	-	Mir3071	NR_037232.1
chr12_KB469740_fix	221932	221994	221994	221994	+	Mir136	NR_029550.1
chr12_KB469740_fix	238105	238201	238201	238201	+	Mir341	NR_029770.1
chr12_KB469740_fix	238427	238547	238547	238547	+	Mir1188	NR_035419.1
chr12_KB469740_fix	244863	244942	244942	244942	+	Mir370	NR_029918.1
chr12_KB469740_fix	308802	308879	308879	308879	+	Mir882	NR_030540.1
chr12_KZ289082_fix	32023	32093	32093	32093	+	Mir6940	NR_105905.1
chr14_KZ289084_fix	40192	40254	40254	40254	-	Mir7672	NR_106132.1
chr15_GL456000_alt	62188	62252	62252	62252	+	Mir6957	NR_105922.1
chr16_JH584306_alt	422737	422819	422819	422819	-	Mir6366	NR_105785.1
chr16_JH584310_alt	92791	92870	92870	92870	-	Mir1306	NR_035467.2
chr16_JH584310_alt	135951	136016	136016	136016	-	Mir185	NR_029571.1
chr16_KB469741_fix	178060	178142	178142	178142	-	Mir6366	NR_105785.1
chr16_KB469741_fix	297210	297289	297289	297289	-	Mir1306	NR_035467.2
chr16_KB469741_fix	340372	340437	340437	340437	-	Mir185	NR_029571.1
chr17_GL456022_alt	273920	274030	274030	274030	-	Mir219a-1	NR_029800.1
chr17_GL456022_alt	273949	274009	274009	274009	+	Mir219c	NR_106154.1
chr17_GL456022_alt	1090581	1090644	1090644	1090644	-	Mir6971	NR_105937.1
chr17_GL456022_alt	1093873	1093940	1093940	1093940	-	Mir6970	NR_105936.1
chr17_GL456022_alt	1106341	1106405	1106405	1106405	-	Mir6972	NR_105938.1
chr17_GL456022_alt	1444664	1444742	1444742	1444742	+	Mir6973a	NR_105939.1
chr17_GL456022_alt	1454159	1454242	1454242	1454242	-	Mir6974	NR_105940.1
chr17_GL456022_alt	1493761	1493822	1493822	1493822	+	Mir6975	NR_105941.1
chr17_GL456022_alt	1500975	1501092	1501092	1501092	+	Mir8094	NR_106169.1
chr17_JH584266_alt	335545	335655	335655	335655	-	Mir219a-1	NR_029800.1
chr17_JH584266_alt	335574	335634	335634	335634	+	Mir219c	NR_106154.1
chr17_JH584266_alt	1160325	1160388	1160388	1160388	-	Mir6971	NR_105937.1
chr17_JH584266_alt	1163554	1163621	1163621	1163621	-	Mir6970	NR_105936.1
chr17_JH584266_alt	1176027	1176091	1176091	1176091	-	Mir6972	NR_105938.1
chr17_JH584266_alt	1513395	1513473	1513473	1513473	+	Mir6973a	NR_105939.1
chr17_JH584266_alt	1522881	1522964	1522964	1522964	-	Mir6974	NR_105940.1
chr17_JH584266_alt	1562476	1562537	1562537	1562537	+	Mir6975	NR_105941.1
chr17_JH584266_alt	1569690	1569807	1569807	1569807	+	Mir8094	NR_106169.1
chr17_JH584266_alt	2250905	2250986	2250986	2250986	+	Mir1894	NR_035445.1
chr17_JH584266_alt	2294098	2294183	2294183	2294183	-	Mir877	NR_030608.1
chr17_JH584267_alt	3717	3778	3778	3778	-	Mir7214	NR_106073.1
chr17_JH584267_alt	18376	18452	18452	18452	+	Mir7216	NR_106075.1
chr17_JH584267_alt	45724	45786	45786	45786	+	Mir7217	NR_106076.1
chr17_JH584267_alt	48080	48139	48139	48139	+	Mir7218	NR_106077.1
chr17_JH584267_alt	1248587	1248648	1248648	1248648	-	Mir6969	NR_105935.1
chr17_JH584328_alt	335433	335543	335543	335543	-	Mir219a-1	NR_029800.1
chr17_JH584328_alt	335462	335522	335522	335522	+	Mir219c	NR_106154.1
chr17_JH584328_alt	1160074	1160137	1160137	1160137	-	Mir6971	NR_105937.1
chr17_JH584328_alt	1163303	1163370	1163370	1163370	-	Mir6970	NR_105936.1
chr17_JH584328_alt	1175776	1175840	1175840	1175840	-	Mir6972	NR_105938.1
chr17_JH584328_alt	1513154	1513232	1513232	1513232	+	Mir6973a	NR_105939.1
chr17_JH584328_alt	1522644	1522727	1522727	1522727	-	Mir6974	NR_105940.1
chr17_JH584328_alt	1562239	1562300	1562300	1562300	+	Mir6975	NR_105941.1
chr17_JH584328_alt	1569453	1569570	1569570	1569570	+	Mir8094	NR_106169.1
chr17_JH584328_alt	2227283	2227364	2227364	2227364	+	Mir1894	NR_035445.1
chr17_JH584328_alt	2270476	2270561	2270561	2270561	-	Mir877	NR_030608.1
chr19_KQ030494_fix	81559	81645	81645	81645	+	Mir194-2	NR_029830.1
chr19_KQ030494_fix	81760	81849	81849	81849	+	Mir192	NR_029720.1
chr19_KQ030494_fix	163396	163461	163461	163461	+	Mir6989	NR_105955.1
